"Number","Category","Title","Link","Length (s)","Words","Hook","Voiceover","On-screen text","Subtitles (SRT)","Caption","Hashtags"
"1","THE NUMBERS","$30,000","https://fyosamu.github.io/still-here/c/1.html","20","45","Nobody warns you about this number: $30,000.","Nobody warns you about this number: $30,000. That's the number. A plain apartment — not luxury, not a view of anything, just four walls you're allowed to lock — costs about thirty thousand dollars. STILL HERE — a hundred and fifty reads, free, no account.","Nobody warns you about this number | $30,000 | That's the number. A plain apartment — not luxury, not a view of anything, just four walls… | STILL HERE · 150 free reads","1
00:00:00.400 --> 00:00:02.800
Nobody warns you about this number:

2
00:00:02.920 --> 00:00:04.020
$30,000.

3
00:00:04.140 --> 00:00:05.340
That's the number.

4
00:00:05.460 --> 00:00:07.860
A plain apartment — not luxury,

5
00:00:07.980 --> 00:00:09.980
not a view of anything,

6
00:00:10.100 --> 00:00:13.300
just four walls you're allowed to lock —

7
00:00:13.420 --> 00:00:15.420
costs about thirty thousand dollars.

8
00:00:15.540 --> 00:00:18.740
STILL HERE — a hundred and fifty reads,

9
00:00:18.860 --> 00:00:20.060
free, no account.
","Nobody warns you about this number: $30,000.

That's the number. A plain apartment — not luxury, not a view of anything, just four walls you're allowed to lock — costs about thirty thousand dollars.

STILL HERE — 150 short reads that put your life in perspective. Free, works offline, no account.
https://fyosamu.github.io/still-here/c/1.html

#costofliving #moneyfacts #inflation #realitycheck #personalfinance #economy #lifeinperspective #STILLHERE #shorts","#costofliving #moneyfacts #inflation #realitycheck #personalfinance #economy #lifeinperspective #STILLHERE #shorts"
"2","THE NUMBERS","$120","https://fyosamu.github.io/still-here/c/2.html","24","55","Do not guess it. Here it is: $120 — and that is the normal case.","Do not guess it. Here it is: $120 — and that is the normal case. That's what a shop clerk takes home in a month. It's also roughly what a guy selling socks in the bazaar clears. Same number, same stomach-drop on the 1st. STILL HERE — a hundred and fifty reads, free, no account.","Do not guess it. Here it is | $120 | That's what a shop clerk takes home in a month. It's also roughly what a guy selling socks in… | STILL HERE · 150 free reads","1
00:00:00.400 --> 00:00:02.000
Do not guess it.

2
00:00:02.120 --> 00:00:03.320
Here it is:

3
00:00:03.440 --> 00:00:06.640
$120 — and that is the normal case.

4
00:00:06.760 --> 00:00:10.360
That's what a shop clerk takes home in a

5
00:00:10.480 --> 00:00:13.280
month. It's also roughly what a guy

6
00:00:13.400 --> 00:00:15.800
selling socks in the bazaar clears.

7
00:00:15.920 --> 00:00:17.020
Same number,

8
00:00:17.140 --> 00:00:19.140
same stomach-drop on the 1st.

9
00:00:19.260 --> 00:00:22.460
STILL HERE — a hundred and fifty reads,

10
00:00:22.580 --> 00:00:23.780
free, no account.
","Do not guess it. Here it is: $120 — and that is the normal case.

That's what a shop clerk takes home in a month. It's also roughly what a guy selling socks in the bazaar clears. Same number, same stomach-drop on the 1st.

STILL HERE — 150 short reads that put your life in perspective. Free, works offline, no account.
https://fyosamu.github.io/still-here/c/2.html

#costofliving #moneyfacts #inflation #realitycheck #personalfinance #economy #lifeinperspective #STILLHERE #shorts","#costofliving #moneyfacts #inflation #realitycheck #personalfinance #economy #lifeinperspective #STILLHERE #shorts"
"3","THE NUMBERS","250 months","https://fyosamu.github.io/still-here/c/3.html","21","44","Do the math with me. 250 months.","Do the math with me. 250 months. Divide them. Save every single dollar and eat nothing, and you'd own that apartment in 250 months. That's twenty years of not spending on anything, ever. STILL HERE — a hundred and fifty reads, free, no account.","Do the math with me | 250 months | Divide them. Save every single dollar and eat nothing, and you'd own that apartment in 250… | STILL HERE · 150 free reads","1
00:00:00.400 --> 00:00:02.400
Do the math with me.

2
00:00:02.520 --> 00:00:03.620
250 months.

3
00:00:03.740 --> 00:00:04.840
Divide them.

4
00:00:04.960 --> 00:00:07.760
Save every single dollar and eat nothing,

5
00:00:07.880 --> 00:00:10.680
and you'd own that apartment in 250

6
00:00:10.800 --> 00:00:11.900
months.

7
00:00:12.020 --> 00:00:14.820
That's twenty years of not spending on

8
00:00:14.940 --> 00:00:16.040
anything, ever.

9
00:00:16.160 --> 00:00:19.360
STILL HERE — a hundred and fifty reads,

10
00:00:19.480 --> 00:00:20.680
free, no account.
","Do the math with me. 250 months.

Divide them. Save every single dollar and eat nothing, and you'd own that apartment in 250 months. That's twenty years of not spending on anything, ever.

STILL HERE — 150 short reads that put your life in perspective. Free, works offline, no account.
https://fyosamu.github.io/still-here/c/3.html

#costofliving #moneyfacts #inflation #realitycheck #personalfinance #economy #lifeinperspective #STILLHERE #shorts","#costofliving #moneyfacts #inflation #realitycheck #personalfinance #economy #lifeinperspective #STILLHERE #shorts"
"4","THE NUMBERS","But you do eat","https://fyosamu.github.io/still-here/c/4.html","18","42","This is the part nobody posts: But you do eat.","This is the part nobody posts: But you do eat. Which is the part everyone forgets when they do this math on paper with a nice round number and a smile. STILL HERE — a hundred and fifty reads, free, no account.","This is the part nobody posts | But you do eat | Which is the part everyone forgets when they do this math on paper with a nice round number and… | STILL HERE · 150 free reads","1
00:00:00.400 --> 00:00:02.800
This is the part nobody posts:

2
00:00:02.920 --> 00:00:04.520
But you do eat.

3
00:00:04.640 --> 00:00:07.440
Which is the part everyone forgets when

4
00:00:07.560 --> 00:00:11.160
they do this math on paper with a nice

5
00:00:11.280 --> 00:00:13.280
round number and a smile.

6
00:00:13.400 --> 00:00:16.600
STILL HERE — a hundred and fifty reads,

7
00:00:16.720 --> 00:00:17.920
free, no account.
","This is the part nobody posts: But you do eat.

Which is the part everyone forgets when they do this math on paper with a nice round number and a smile.

STILL HERE — 150 short reads that put your life in perspective. Free, works offline, no account.
https://fyosamu.github.io/still-here/c/4.html

#costofliving #moneyfacts #inflation #realitycheck #personalfinance #economy #lifeinperspective #STILLHERE #shorts","#costofliving #moneyfacts #inflation #realitycheck #personalfinance #economy #lifeinperspective #STILLHERE #shorts"
"5","THE NUMBERS","Half is already gone","https://fyosamu.github.io/still-here/c/5.html","19","43","Check your budget against this: Half is already gone.","Check your budget against this: Half is already gone. Take away food, bus fare, and the phone bill, and you're maybe setting aside $50 a month. Now it's 600 months. Fifty years. STILL HERE — a hundred and fifty reads, free, no account.","Check your budget against this | Half is already gone | Take away food, bus fare, and the phone bill, and you're maybe setting aside $50 a month. Now… | STILL HERE · 150 free reads","1
00:00:00.400 --> 00:00:02.400
Check your budget against this:

2
00:00:02.520 --> 00:00:04.120
Half is already gone.

3
00:00:04.240 --> 00:00:05.440
Take away food,

4
00:00:05.560 --> 00:00:06.660
bus fare,

5
00:00:06.780 --> 00:00:08.380
and the phone bill,

6
00:00:08.500 --> 00:00:11.300
and you're maybe setting aside $50 a

7
00:00:11.420 --> 00:00:14.220
month. Now it's 600 months. Fifty years.

8
00:00:14.340 --> 00:00:17.540
STILL HERE — a hundred and fifty reads,

9
00:00:17.660 --> 00:00:18.860
free, no account.
","Check your budget against this: Half is already gone.

Take away food, bus fare, and the phone bill, and you're maybe setting aside $50 a month. Now it's 600 months. Fifty years.

STILL HERE — 150 short reads that put your life in perspective. Free, works offline, no account.
https://fyosamu.github.io/still-here/c/5.html

#costofliving #moneyfacts #inflation #realitycheck #personalfinance #economy #lifeinperspective #STILLHERE #shorts","#costofliving #moneyfacts #inflation #realitycheck #personalfinance #economy #lifeinperspective #STILLHERE #shorts"
"6","THE NUMBERS","Fifty years","https://fyosamu.github.io/still-here/c/6.html","16","38","It sounds dramatic until you see Fifty years.","It sounds dramatic until you see Fifty years. Start at twenty, finish at seventy. You'd be signing for your front door the year your back gives out. STILL HERE — a hundred and fifty reads, free, no account.","It sounds dramatic until you see | Fifty years | Start at twenty, finish at seventy. You'd be signing for your front door the year your back… | STILL HERE · 150 free reads","1
00:00:00.400 --> 00:00:03.200
It sounds dramatic until you see Fifty

2
00:00:03.320 --> 00:00:04.920
years. Start at twenty,

3
00:00:05.040 --> 00:00:06.240
finish at seventy.

4
00:00:06.360 --> 00:00:09.560
You'd be signing for your front door the

5
00:00:09.680 --> 00:00:11.680
year your back gives out.

6
00:00:11.800 --> 00:00:15.000
STILL HERE — a hundred and fifty reads,

7
00:00:15.120 --> 00:00:16.320
free, no account.
","It sounds dramatic until you see Fifty years.

Start at twenty, finish at seventy. You'd be signing for your front door the year your back gives out.

STILL HERE — 150 short reads that put your life in perspective. Free, works offline, no account.
https://fyosamu.github.io/still-here/c/6.html

#costofliving #moneyfacts #inflation #realitycheck #personalfinance #economy #lifeinperspective #STILLHERE #shorts","#costofliving #moneyfacts #inflation #realitycheck #personalfinance #economy #lifeinperspective #STILLHERE #shorts"
"7","THE NUMBERS","That's not a savings plan","https://fyosamu.github.io/still-here/c/7.html","13","30","An outsider's question: why is nobody angrier? That's not a savings plan.","An outsider's question: why is nobody angrier? That's not a savings plan. That's a life sentence with a balcony. STILL HERE — a hundred and fifty reads, free, no account.","An outsider's question: why is nobody angrier? | That's not a savings plan | That's a life sentence with a balcony. | STILL HERE · 150 free reads","1
00:00:00.400 --> 00:00:01.600
An outsider's question:

2
00:00:01.720 --> 00:00:03.320
why is nobody angrier?

3
00:00:03.440 --> 00:00:05.440
That's not a savings plan.

4
00:00:05.560 --> 00:00:08.360
That's a life sentence with a balcony.

5
00:00:08.480 --> 00:00:11.680
STILL HERE — a hundred and fifty reads,

6
00:00:11.800 --> 00:00:13.000
free, no account.
","An outsider's question: why is nobody angrier? That's not a savings plan.

That's a life sentence with a balcony.

STILL HERE — 150 short reads that put your life in perspective. Free, works offline, no account.
https://fyosamu.github.io/still-here/c/7.html

#costofliving #moneyfacts #inflation #realitycheck #personalfinance #economy #lifeinperspective #STILLHERE #shorts","#costofliving #moneyfacts #inflation #realitycheck #personalfinance #economy #lifeinperspective #STILLHERE #shorts"
"8","THE NUMBERS","""Just work harder""","https://fyosamu.github.io/still-here/c/8.html","19","43","Plain arithmetic, no complaint: ""Just work harder""","Plain arithmetic, no complaint: ""Just work harder"" Sure. Except there's a ceiling on how many hours a body can be awake, and the math doesn't care how motivated you are about it. STILL HERE — a hundred and fifty reads, free, no account.","Plain arithmetic, no complaint | ""Just work harder"" | Sure. Except there's a ceiling on how many hours a body can be awake, and the math doesn't care… | STILL HERE · 150 free reads","1
00:00:00.400 --> 00:00:01.500
Plain arithmetic,

2
00:00:01.620 --> 00:00:04.020
no complaint: ""Just work harder"" Sure.

3
00:00:04.140 --> 00:00:07.340
Except there's a ceiling on how many hours

4
00:00:07.460 --> 00:00:09.460
a body can be awake,

5
00:00:09.580 --> 00:00:12.380
and the math doesn't care how motivated

6
00:00:12.500 --> 00:00:14.100
you are about it.

7
00:00:14.220 --> 00:00:17.420
STILL HERE — a hundred and fifty reads,

8
00:00:17.540 --> 00:00:18.740
free, no account.
","Plain arithmetic, no complaint: ""Just work harder""

Sure. Except there's a ceiling on how many hours a body can be awake, and the math doesn't care how motivated you are about it.

STILL HERE — 150 short reads that put your life in perspective. Free, works offline, no account.
https://fyosamu.github.io/still-here/c/8.html

#costofliving #moneyfacts #inflation #realitycheck #personalfinance #economy #lifeinperspective #STILLHERE #shorts","#costofliving #moneyfacts #inflation #realitycheck #personalfinance #economy #lifeinperspective #STILLHERE #shorts"
"9","THE NUMBERS","The bazaar guy isn't lazy","https://fyosamu.github.io/still-here/c/9.html","21","49","Nobody warns you about this number: The bazaar guy isn't lazy.","Nobody warns you about this number: The bazaar guy isn't lazy. He opens at seven, closes at nine, six days a week. He's not behind because he slacked. He's behind because the numbers were never on his side. STILL HERE — a hundred and fifty reads, free, no account.","Nobody warns you about this number | The bazaar guy isn't lazy | He opens at seven, closes at nine, six days a week. He's not behind because he slacked. He's… | STILL HERE · 150 free reads","1
00:00:00.400 --> 00:00:02.800
Nobody warns you about this number:

2
00:00:02.920 --> 00:00:04.920
The bazaar guy isn't lazy.

3
00:00:05.040 --> 00:00:06.640
He opens at seven,

4
00:00:06.760 --> 00:00:09.560
closes at nine, six days a week.

5
00:00:09.680 --> 00:00:12.080
He's not behind because he slacked.

6
00:00:12.200 --> 00:00:15.000
He's behind because the numbers were never

7
00:00:15.120 --> 00:00:16.320
on his side.

8
00:00:16.440 --> 00:00:19.640
STILL HERE — a hundred and fifty reads,

9
00:00:19.760 --> 00:00:20.960
free, no account.
","Nobody warns you about this number: The bazaar guy isn't lazy.

He opens at seven, closes at nine, six days a week. He's not behind because he slacked. He's behind because the numbers were never on his side.

STILL HERE — 150 short reads that put your life in perspective. Free, works offline, no account.
https://fyosamu.github.io/still-here/c/9.html

#costofliving #moneyfacts #inflation #realitycheck #personalfinance #economy #lifeinperspective #STILLHERE #shorts","#costofliving #moneyfacts #inflation #realitycheck #personalfinance #economy #lifeinperspective #STILLHERE #shorts"
"10","THE NUMBERS","One hour of his life","https://fyosamu.github.io/still-here/c/10.html","24","53","Do not guess it. Here it is: One hour of his life — and that is the normal case.","Do not guess it. Here it is: One hour of his life — and that is the normal case. $120 across roughly 200 working hours comes out to about sixty cents an hour. Read that again and then tell someone to hustle. STILL HERE — a hundred and fifty reads, free, no account.","Do not guess it. Here it is | One hour of his life | $120 across roughly 200 working hours comes out to about sixty cents an hour. Read that again… | STILL HERE · 150 free reads","1
00:00:00.400 --> 00:00:02.000
Do not guess it.

2
00:00:02.120 --> 00:00:03.320
Here it is:

3
00:00:03.440 --> 00:00:07.440
One hour of his life — and that is the

4
00:00:07.560 --> 00:00:08.660
normal case.

5
00:00:08.780 --> 00:00:11.180
$120 across roughly 200 working hours

6
00:00:11.300 --> 00:00:14.500
comes out to about sixty cents an hour.

7
00:00:14.620 --> 00:00:17.820
Read that again and then tell someone to

8
00:00:17.940 --> 00:00:19.040
hustle.

9
00:00:19.160 --> 00:00:22.360
STILL HERE — a hundred and fifty reads,

10
00:00:22.480 --> 00:00:23.680
free, no account.
","Do not guess it. Here it is: One hour of his life — and that is the normal case.

$120 across roughly 200 working hours comes out to about sixty cents an hour. Read that again and then tell someone to hustle.

STILL HERE — 150 short reads that put your life in perspective. Free, works offline, no account.
https://fyosamu.github.io/still-here/c/10.html

#costofliving #moneyfacts #inflation #realitycheck #personalfinance #economy #lifeinperspective #STILLHERE #shorts","#costofliving #moneyfacts #inflation #realitycheck #personalfinance #economy #lifeinperspective #STILLHERE #shorts"
"11","THE NUMBERS","A meal costs four hours","https://fyosamu.github.io/still-here/c/11.html","19","44","Do the math with me. A meal costs four hours.","Do the math with me. A meal costs four hours. Call it three dollars for something basic on the street. At that wage, dinner is four hours of your life traded for dinner. STILL HERE — a hundred and fifty reads, free, no account.","Do the math with me | A meal costs four hours | Call it three dollars for something basic on the street. At that wage, dinner is four hours of… | STILL HERE · 150 free reads","1
00:00:00.400 --> 00:00:02.400
Do the math with me.

2
00:00:02.520 --> 00:00:04.520
A meal costs four hours.

3
00:00:04.640 --> 00:00:07.440
Call it three dollars for something basic

4
00:00:07.560 --> 00:00:08.760
on the street.

5
00:00:08.880 --> 00:00:10.080
At that wage,

6
00:00:10.200 --> 00:00:13.400
dinner is four hours of your life traded

7
00:00:13.520 --> 00:00:14.620
for dinner.

8
00:00:14.740 --> 00:00:17.940
STILL HERE — a hundred and fifty reads,

9
00:00:18.060 --> 00:00:19.260
free, no account.
","Do the math with me. A meal costs four hours.

Call it three dollars for something basic on the street. At that wage, dinner is four hours of your life traded for dinner.

STILL HERE — 150 short reads that put your life in perspective. Free, works offline, no account.
https://fyosamu.github.io/still-here/c/11.html

#costofliving #moneyfacts #inflation #realitycheck #personalfinance #economy #lifeinperspective #STILLHERE #shorts","#costofliving #moneyfacts #inflation #realitycheck #personalfinance #economy #lifeinperspective #STILLHERE #shorts"
"12","THE NUMBERS","The teacher's month","https://fyosamu.github.io/still-here/c/12.html","18","42","This is the part nobody posts: The teacher's month.","This is the part nobody posts: The teacher's month. Often less than $120. A person trusted with other people's kids, doing it for less than a phone bill in most countries. STILL HERE — a hundred and fifty reads, free, no account.","This is the part nobody posts | The teacher's month | Often less than $120. A person trusted with other people's kids, doing it for less than a phone… | STILL HERE · 150 free reads","1
00:00:00.400 --> 00:00:02.800
This is the part nobody posts:

2
00:00:02.920 --> 00:00:04.120
The teacher's month.

3
00:00:04.240 --> 00:00:05.840
Often less than $120.

4
00:00:05.960 --> 00:00:08.760
A person trusted with other people's kids,

5
00:00:08.880 --> 00:00:12.480
doing it for less than a phone bill in

6
00:00:12.600 --> 00:00:13.700
most countries.

7
00:00:13.820 --> 00:00:17.020
STILL HERE — a hundred and fifty reads,

8
00:00:17.140 --> 00:00:18.340
free, no account.
","This is the part nobody posts: The teacher's month.

Often less than $120. A person trusted with other people's kids, doing it for less than a phone bill in most countries.

STILL HERE — 150 short reads that put your life in perspective. Free, works offline, no account.
https://fyosamu.github.io/still-here/c/12.html

#costofliving #moneyfacts #inflation #realitycheck #personalfinance #economy #lifeinperspective #STILLHERE #shorts","#costofliving #moneyfacts #inflation #realitycheck #personalfinance #economy #lifeinperspective #STILLHERE #shorts"
"13","THE NUMBERS","Rent eats the rest","https://fyosamu.github.io/still-here/c/13.html","18","42","Check your budget against this: Rent eats the rest.","Check your budget against this: Rent eats the rest. Not everyone even gets to start saving. Rent in a decent city quietly consumes the fifty dollars you were going to keep. STILL HERE — a hundred and fifty reads, free, no account.","Check your budget against this | Rent eats the rest | Not everyone even gets to start saving. Rent in a decent city quietly consumes the fifty… | STILL HERE · 150 free reads","1
00:00:00.400 --> 00:00:02.400
Check your budget against this:

2
00:00:02.520 --> 00:00:04.120
Rent eats the rest.

3
00:00:04.240 --> 00:00:07.040
Not everyone even gets to start saving.

4
00:00:07.160 --> 00:00:10.360
Rent in a decent city quietly consumes the

5
00:00:10.480 --> 00:00:13.280
fifty dollars you were going to keep.

6
00:00:13.400 --> 00:00:16.600
STILL HERE — a hundred and fifty reads,

7
00:00:16.720 --> 00:00:17.920
free, no account.
","Check your budget against this: Rent eats the rest.

Not everyone even gets to start saving. Rent in a decent city quietly consumes the fifty dollars you were going to keep.

STILL HERE — 150 short reads that put your life in perspective. Free, works offline, no account.
https://fyosamu.github.io/still-here/c/13.html

#costofliving #moneyfacts #inflation #realitycheck #personalfinance #economy #lifeinperspective #STILLHERE #shorts","#costofliving #moneyfacts #inflation #realitycheck #personalfinance #economy #lifeinperspective #STILLHERE #shorts"
"14","THE NUMBERS","The car costs more than the apartment","https://fyosamu.github.io/still-here/c/14.html","19","44","It sounds dramatic until you see The car costs more than the apartment.","It sounds dramatic until you see The car costs more than the apartment. Read that a second time. In a country that manufactures little you'd want, a basic car can out-price a home. STILL HERE — a hundred and fifty reads, free, no account.","It sounds dramatic until you see | The car costs more than the apartment | Read that a second time. In a country that manufactures little you'd want, a basic car can… | STILL HERE · 150 free reads","1
00:00:00.400 --> 00:00:03.600
It sounds dramatic until you see The car

2
00:00:03.720 --> 00:00:05.720
costs more than the apartment.

3
00:00:05.840 --> 00:00:07.840
Read that a second time.

4
00:00:07.960 --> 00:00:10.360
In a country that manufactures little

5
00:00:10.480 --> 00:00:11.580
you'd want,

6
00:00:11.700 --> 00:00:14.500
a basic car can out-price a home.

7
00:00:14.620 --> 00:00:17.820
STILL HERE — a hundred and fifty reads,

8
00:00:17.940 --> 00:00:19.140
free, no account.
","It sounds dramatic until you see The car costs more than the apartment.

Read that a second time. In a country that manufactures little you'd want, a basic car can out-price a home.

STILL HERE — 150 short reads that put your life in perspective. Free, works offline, no account.
https://fyosamu.github.io/still-here/c/14.html

#costofliving #moneyfacts #inflation #realitycheck #personalfinance #economy #lifeinperspective #STILLHERE #shorts","#costofliving #moneyfacts #inflation #realitycheck #personalfinance #economy #lifeinperspective #STILLHERE #shorts"
"15","THE NUMBERS","Inflation isn't a shock, it's weather","https://fyosamu.github.io/still-here/c/15.html","22","49","An outsider's question: why is nobody angrier? Inflation isn't a shock, it's weather.","An outsider's question: why is nobody angrier? Inflation isn't a shock, it's weather. Prices don't jump once. They creep. You don't wake up to a disaster, you wake up to a slow drip you already got used to. STILL HERE — a hundred and fifty reads, free, no account.","An outsider's question: why is nobody angrier? | Inflation isn't a shock, it's weather | Prices don't jump once. They creep. You don't wake up to a disaster, you wake up to a slow drip… | STILL HERE · 150 free reads","1
00:00:00.400 --> 00:00:01.600
An outsider's question:

2
00:00:01.720 --> 00:00:03.320
why is nobody angrier?

3
00:00:03.440 --> 00:00:05.840
Inflation isn't a shock, it's weather.

4
00:00:05.960 --> 00:00:07.560
Prices don't jump once.

5
00:00:07.680 --> 00:00:08.780
They creep.

6
00:00:08.900 --> 00:00:11.700
You don't wake up to a disaster,

7
00:00:11.820 --> 00:00:15.820
you wake up to a slow drip you already got

8
00:00:15.940 --> 00:00:17.040
used to.

9
00:00:17.160 --> 00:00:20.360
STILL HERE — a hundred and fifty reads,

10
00:00:20.480 --> 00:00:21.680
free, no account.
","An outsider's question: why is nobody angrier? Inflation isn't a shock, it's weather.

Prices don't jump once. They creep. You don't wake up to a disaster, you wake up to a slow drip you already got used to.

STILL HERE — 150 short reads that put your life in perspective. Free, works offline, no account.
https://fyosamu.github.io/still-here/c/15.html

#costofliving #moneyfacts #inflation #realitycheck #personalfinance #economy #lifeinperspective #STILLHERE #shorts","#costofliving #moneyfacts #inflation #realitycheck #personalfinance #economy #lifeinperspective #STILLHERE #shorts"
"16","THE NUMBERS","Nobody plans to be poor here","https://fyosamu.github.io/still-here/c/16.html","19","41","Plain arithmetic, no complaint: Nobody plans to be poor here.","Plain arithmetic, no complaint: Nobody plans to be poor here. They plan. They budget. They skip the fruit. And the plan still breaks, every single month, in the same place. STILL HERE — a hundred and fifty reads, free, no account.","Plain arithmetic, no complaint | Nobody plans to be poor here | They plan. They budget. They skip the fruit. And the plan still breaks, every single month, in… | STILL HERE · 150 free reads","1
00:00:00.400 --> 00:00:01.500
Plain arithmetic,

2
00:00:01.620 --> 00:00:02.720
no complaint:

3
00:00:02.840 --> 00:00:05.240
Nobody plans to be poor here.

4
00:00:05.360 --> 00:00:06.460
They plan.

5
00:00:06.580 --> 00:00:07.680
They budget.

6
00:00:07.800 --> 00:00:09.400
They skip the fruit.

7
00:00:09.520 --> 00:00:11.520
And the plan still breaks,

8
00:00:11.640 --> 00:00:14.440
every single month, in the same place.

9
00:00:14.560 --> 00:00:17.760
STILL HERE — a hundred and fifty reads,

10
00:00:17.880 --> 00:00:19.080
free, no account.
","Plain arithmetic, no complaint: Nobody plans to be poor here.

They plan. They budget. They skip the fruit. And the plan still breaks, every single month, in the same place.

STILL HERE — 150 short reads that put your life in perspective. Free, works offline, no account.
https://fyosamu.github.io/still-here/c/16.html

#costofliving #moneyfacts #inflation #realitycheck #personalfinance #economy #lifeinperspective #STILLHERE #shorts","#costofliving #moneyfacts #inflation #realitycheck #personalfinance #economy #lifeinperspective #STILLHERE #shorts"
"17","THE NUMBERS","The word is ""squeezed""","https://fyosamu.github.io/still-here/c/17.html","16","35","Nobody warns you about this number: The word is ""squeezed""","Nobody warns you about this number: The word is ""squeezed"" Not crashed. Not collapsed. Squeezed — slowly, politely, with a smile and a receipt. STILL HERE — a hundred and fifty reads, free, no account.","Nobody warns you about this number | The word is ""squeezed"" | Not crashed. Not collapsed. Squeezed — slowly, politely, with a smile and a receipt. | STILL HERE · 150 free reads","1
00:00:00.400 --> 00:00:02.800
Nobody warns you about this number:

2
00:00:02.920 --> 00:00:05.320
The word is ""squeezed"" Not crashed.

3
00:00:05.440 --> 00:00:06.540
Not collapsed.

4
00:00:06.660 --> 00:00:07.860
Squeezed — slowly,

5
00:00:07.980 --> 00:00:10.780
politely, with a smile and a receipt.

6
00:00:10.900 --> 00:00:14.100
STILL HERE — a hundred and fifty reads,

7
00:00:14.220 --> 00:00:15.420
free, no account.
","Nobody warns you about this number: The word is ""squeezed""

Not crashed. Not collapsed. Squeezed — slowly, politely, with a smile and a receipt.

STILL HERE — 150 short reads that put your life in perspective. Free, works offline, no account.
https://fyosamu.github.io/still-here/c/17.html

#costofliving #moneyfacts #inflation #realitycheck #personalfinance #economy #lifeinperspective #STILLHERE #shorts","#costofliving #moneyfacts #inflation #realitycheck #personalfinance #economy #lifeinperspective #STILLHERE #shorts"
"18","THE NUMBERS","Two different realities","https://fyosamu.github.io/still-here/c/18.html","22","50","Do not guess it. Here it is: Two different realities — and that is the normal case.","Do not guess it. Here it is: Two different realities — and that is the normal case. The number in your account says fine. The number at the store says otherwise. Only one of those is yours to spend. STILL HERE — a hundred and fifty reads, free, no account.","Do not guess it. Here it is | Two different realities | The number in your account says fine. The number at the store says otherwise. Only one of those… | STILL HERE · 150 free reads","1
00:00:00.400 --> 00:00:02.000
Do not guess it.

2
00:00:02.120 --> 00:00:03.320
Here it is:

3
00:00:03.440 --> 00:00:06.640
Two different realities — and that is the

4
00:00:06.760 --> 00:00:07.860
normal case.

5
00:00:07.980 --> 00:00:10.780
The number in your account says fine.

6
00:00:10.900 --> 00:00:13.700
The number at the store says otherwise.

7
00:00:13.820 --> 00:00:17.020
Only one of those is yours to spend.

8
00:00:17.140 --> 00:00:20.340
STILL HERE — a hundred and fifty reads,

9
00:00:20.460 --> 00:00:21.660
free, no account.
","Do not guess it. Here it is: Two different realities — and that is the normal case.

The number in your account says fine. The number at the store says otherwise. Only one of those is yours to spend.

STILL HERE — 150 short reads that put your life in perspective. Free, works offline, no account.
https://fyosamu.github.io/still-here/c/18.html

#costofliving #moneyfacts #inflation #realitycheck #personalfinance #economy #lifeinperspective #STILLHERE #shorts","#costofliving #moneyfacts #inflation #realitycheck #personalfinance #economy #lifeinperspective #STILLHERE #shorts"
"19","THE NUMBERS","""Just move abroad""","https://fyosamu.github.io/still-here/c/19.html","18","40","Do the math with me. ""Just move abroad""","Do the math with me. ""Just move abroad"" It costs money to leave. The cheapest flight out is more than a full month of the income we're talking about. STILL HERE — a hundred and fifty reads, free, no account.","Do the math with me | ""Just move abroad"" | It costs money to leave. The cheapest flight out is more than a full month of the income we're… | STILL HERE · 150 free reads","1
00:00:00.400 --> 00:00:02.400
Do the math with me.

2
00:00:02.520 --> 00:00:05.320
""Just move abroad"" It costs money to

3
00:00:05.440 --> 00:00:08.240
leave. The cheapest flight out is more

4
00:00:08.360 --> 00:00:11.560
than a full month of the income we're

5
00:00:11.680 --> 00:00:12.780
talking about.

6
00:00:12.900 --> 00:00:16.100
STILL HERE — a hundred and fifty reads,

7
00:00:16.220 --> 00:00:17.420
free, no account.
","Do the math with me. ""Just move abroad""

It costs money to leave. The cheapest flight out is more than a full month of the income we're talking about.

STILL HERE — 150 short reads that put your life in perspective. Free, works offline, no account.
https://fyosamu.github.io/still-here/c/19.html

#costofliving #moneyfacts #inflation #realitycheck #personalfinance #economy #lifeinperspective #STILLHERE #shorts","#costofliving #moneyfacts #inflation #realitycheck #personalfinance #economy #lifeinperspective #STILLHERE #shorts"
"20","THE NUMBERS","The ones who left worked three jobs","https://fyosamu.github.io/still-here/c/20.html","18","43","This is the part nobody posts: The ones who left worked three jobs.","This is the part nobody posts: The ones who left worked three jobs. Not because they're smarter. Because they ran the exact same hustle inside an economy that actually pays for it. STILL HERE — a hundred and fifty reads, free, no account.","This is the part nobody posts | The ones who left worked three jobs | Not because they're smarter. Because they ran the exact same hustle inside an economy that… | STILL HERE · 150 free reads","1
00:00:00.400 --> 00:00:02.800
This is the part nobody posts:

2
00:00:02.920 --> 00:00:05.720
The ones who left worked three jobs.

3
00:00:05.840 --> 00:00:07.440
Not because they're smarter.

4
00:00:07.560 --> 00:00:10.360
Because they ran the exact same hustle

5
00:00:10.480 --> 00:00:13.280
inside an economy that actually pays for

6
00:00:13.400 --> 00:00:16.600
it. STILL HERE — a hundred and fifty

7
00:00:16.720 --> 00:00:18.320
reads, free, no account.
","This is the part nobody posts: The ones who left worked three jobs.

Not because they're smarter. Because they ran the exact same hustle inside an economy that actually pays for it.

STILL HERE — 150 short reads that put your life in perspective. Free, works offline, no account.
https://fyosamu.github.io/still-here/c/20.html

#costofliving #moneyfacts #inflation #realitycheck #personalfinance #economy #lifeinperspective #STILLHERE #shorts","#costofliving #moneyfacts #inflation #realitycheck #personalfinance #economy #lifeinperspective #STILLHERE #shorts"
"21","THE NUMBERS","A haircut is a decision now","https://fyosamu.github.io/still-here/c/21.html","19","43","Check your budget against this: A haircut is a decision now.","Check your budget against this: A haircut is a decision now. Not a big one. Just a decision with a number attached, and you make it with your teeth clenched a little. STILL HERE — a hundred and fifty reads, free, no account.","Check your budget against this | A haircut is a decision now | Not a big one. Just a decision with a number attached, and you make it with your teeth clenched… | STILL HERE · 150 free reads","1
00:00:00.400 --> 00:00:02.400
Check your budget against this:

2
00:00:02.520 --> 00:00:04.920
A haircut is a decision now.

3
00:00:05.040 --> 00:00:06.640
Not a big one.

4
00:00:06.760 --> 00:00:09.560
Just a decision with a number attached,

5
00:00:09.680 --> 00:00:13.280
and you make it with your teeth clenched a

6
00:00:13.400 --> 00:00:14.500
little.

7
00:00:14.620 --> 00:00:17.820
STILL HERE — a hundred and fifty reads,

8
00:00:17.940 --> 00:00:19.140
free, no account.
","Check your budget against this: A haircut is a decision now.

Not a big one. Just a decision with a number attached, and you make it with your teeth clenched a little.

STILL HERE — 150 short reads that put your life in perspective. Free, works offline, no account.
https://fyosamu.github.io/still-here/c/21.html

#costofliving #moneyfacts #inflation #realitycheck #personalfinance #economy #lifeinperspective #STILLHERE #shorts","#costofliving #moneyfacts #inflation #realitycheck #personalfinance #economy #lifeinperspective #STILLHERE #shorts"
"22","THE NUMBERS","Nobody posts this part","https://fyosamu.github.io/still-here/c/22.html","17","40","It sounds dramatic until you see Nobody posts this part.","It sounds dramatic until you see Nobody posts this part. Instagram shows the trip up north. It doesn't show the forty-seven days of instant noodles that paid for it. STILL HERE — a hundred and fifty reads, free, no account.","It sounds dramatic until you see | Nobody posts this part | Instagram shows the trip up north. It doesn't show the forty-seven days of instant noodles that… | STILL HERE · 150 free reads","1
00:00:00.400 --> 00:00:03.200
It sounds dramatic until you see Nobody

2
00:00:03.320 --> 00:00:04.520
posts this part.

3
00:00:04.640 --> 00:00:07.040
Instagram shows the trip up north.

4
00:00:07.160 --> 00:00:09.960
It doesn't show the forty-seven days of

5
00:00:10.080 --> 00:00:12.480
instant noodles that paid for it.

6
00:00:12.600 --> 00:00:15.800
STILL HERE — a hundred and fifty reads,

7
00:00:15.920 --> 00:00:17.120
free, no account.
","It sounds dramatic until you see Nobody posts this part.

Instagram shows the trip up north. It doesn't show the forty-seven days of instant noodles that paid for it.

STILL HERE — 150 short reads that put your life in perspective. Free, works offline, no account.
https://fyosamu.github.io/still-here/c/22.html

#costofliving #moneyfacts #inflation #realitycheck #personalfinance #economy #lifeinperspective #STILLHERE #shorts","#costofliving #moneyfacts #inflation #realitycheck #personalfinance #economy #lifeinperspective #STILLHERE #shorts"
"23","THE NUMBERS","The cruelest bit: everyone knows","https://fyosamu.github.io/still-here/c/23.html","17","40","An outsider's question: why is nobody angrier? The cruelest bit: everyone knows.","An outsider's question: why is nobody angrier? The cruelest bit: everyone knows. There's no illusion left. You're not misinformed, you're just stuck. That's a completely different kind of hard. STILL HERE — a hundred and fifty reads, free, no account.","An outsider's question: why is nobody angrier? | The cruelest bit: everyone knows | There's no illusion left. You're not misinformed, you're just stuck. That's a completely… | STILL HERE · 150 free reads","1
00:00:00.400 --> 00:00:01.600
An outsider's question:

2
00:00:01.720 --> 00:00:03.320
why is nobody angrier?

3
00:00:03.440 --> 00:00:05.440
The cruelest bit: everyone knows.

4
00:00:05.560 --> 00:00:07.160
There's no illusion left.

5
00:00:07.280 --> 00:00:08.480
You're not misinformed,

6
00:00:08.600 --> 00:00:09.800
you're just stuck.

7
00:00:09.920 --> 00:00:12.320
That's a completely different kind of

8
00:00:12.440 --> 00:00:15.640
hard. STILL HERE — a hundred and fifty

9
00:00:15.760 --> 00:00:17.360
reads, free, no account.
","An outsider's question: why is nobody angrier? The cruelest bit: everyone knows.

There's no illusion left. You're not misinformed, you're just stuck. That's a completely different kind of hard.

STILL HERE — 150 short reads that put your life in perspective. Free, works offline, no account.
https://fyosamu.github.io/still-here/c/23.html

#costofliving #moneyfacts #inflation #realitycheck #personalfinance #economy #lifeinperspective #STILLHERE #shorts","#costofliving #moneyfacts #inflation #realitycheck #personalfinance #economy #lifeinperspective #STILLHERE #shorts"
"24","THE NUMBERS","This is not a complaint, it's division","https://fyosamu.github.io/still-here/c/24.html","20","44","Plain arithmetic, no complaint: This is not a complaint, it's division.","Plain arithmetic, no complaint: This is not a complaint, it's division. Two numbers were handed over: thirty thousand, and one-twenty. Everything above is just what happens when you divide one by the other. STILL HERE — a hundred and fifty reads, free, no account.","Plain arithmetic, no complaint | This is not a complaint, it's division | Two numbers were handed over: thirty thousand, and one-twenty. Everything above is just what… | STILL HERE · 150 free reads","1
00:00:00.400 --> 00:00:01.500
Plain arithmetic,

2
00:00:01.620 --> 00:00:02.720
no complaint:

3
00:00:02.840 --> 00:00:05.640
This is not a complaint, it's division.

4
00:00:05.760 --> 00:00:07.760
Two numbers were handed over:

5
00:00:07.880 --> 00:00:09.480
thirty thousand, and one-twenty.

6
00:00:09.600 --> 00:00:12.400
Everything above is just what happens when

7
00:00:12.520 --> 00:00:14.920
you divide one by the other.

8
00:00:15.040 --> 00:00:18.240
STILL HERE — a hundred and fifty reads,

9
00:00:18.360 --> 00:00:19.560
free, no account.
","Plain arithmetic, no complaint: This is not a complaint, it's division.

Two numbers were handed over: thirty thousand, and one-twenty. Everything above is just what happens when you divide one by the other.

STILL HERE — 150 short reads that put your life in perspective. Free, works offline, no account.
https://fyosamu.github.io/still-here/c/24.html

#costofliving #moneyfacts #inflation #realitycheck #personalfinance #economy #lifeinperspective #STILLHERE #shorts","#costofliving #moneyfacts #inflation #realitycheck #personalfinance #economy #lifeinperspective #STILLHERE #shorts"
"25","THE NUMBERS","You're reading this from somewhere else","https://fyosamu.github.io/still-here/c/25.html","19","44","Nobody warns you about this number: You're reading this from somewhere else.","Nobody warns you about this number: You're reading this from somewhere else. Which means for once, you're standing outside this particular math. That's not luck you should sit on. Don't waste the position. STILL HERE — a hundred and fifty reads, free, no account.","Nobody warns you about this number | You're reading this from somewhere else | Which means for once, you're standing outside this particular math. That's not luck you should… | STILL HERE · 150 free reads","1
00:00:00.400 --> 00:00:02.800
Nobody warns you about this number:

2
00:00:02.920 --> 00:00:05.320
You're reading this from somewhere else.

3
00:00:05.440 --> 00:00:07.040
Which means for once,

4
00:00:07.160 --> 00:00:09.160
you're standing outside this particular

5
00:00:09.280 --> 00:00:12.480
math. That's not luck you should sit on.

6
00:00:12.600 --> 00:00:14.200
Don't waste the position.

7
00:00:14.320 --> 00:00:17.520
STILL HERE — a hundred and fifty reads,

8
00:00:17.640 --> 00:00:18.840
free, no account.
","Nobody warns you about this number: You're reading this from somewhere else.

Which means for once, you're standing outside this particular math. That's not luck you should sit on. Don't waste the position.

STILL HERE — 150 short reads that put your life in perspective. Free, works offline, no account.
https://fyosamu.github.io/still-here/c/25.html

#costofliving #moneyfacts #inflation #realitycheck #personalfinance #economy #lifeinperspective #STILLHERE #shorts","#costofliving #moneyfacts #inflation #realitycheck #personalfinance #economy #lifeinperspective #STILLHERE #shorts"
"26","THE BIOLOGY OF YOU","You started as one cell","https://fyosamu.github.io/still-here/c/26.html","18","42","Here is where your opinions actually come from: You started as one cell.","Here is where your opinions actually come from: You started as one cell. Not a person. Not a plan. One cell — no opinions, no name, no idea what was coming. STILL HERE — a hundred and fifty reads, free, no account.","Here is where your opinions actually come from | You started as one cell | Not a person. Not a plan. One cell — no opinions, no name, no idea what was coming. | STILL HERE · 150 free reads","1
00:00:00.400 --> 00:00:03.200
Here is where your opinions actually come

2
00:00:03.320 --> 00:00:05.720
from: You started as one cell.

3
00:00:05.840 --> 00:00:07.040
Not a person.

4
00:00:07.160 --> 00:00:08.360
Not a plan.

5
00:00:08.480 --> 00:00:10.480
One cell — no opinions,

6
00:00:10.600 --> 00:00:13.400
no name, no idea what was coming.

7
00:00:13.520 --> 00:00:16.720
STILL HERE — a hundred and fifty reads,

8
00:00:16.840 --> 00:00:18.040
free, no account.
","Here is where your opinions actually come from: You started as one cell.

Not a person. Not a plan. One cell — no opinions, no name, no idea what was coming.

STILL HERE — 150 short reads that put your life in perspective. Free, works offline, no account.
https://fyosamu.github.io/still-here/c/26.html

#sciencefacts #biology #evolution #psychology #dna #humanbody #howthemindworks #STILLHERE #shorts","#sciencefacts #biology #evolution #psychology #dna #humanbody #howthemindworks #STILLHERE #shorts"
"27","THE BIOLOGY OF YOU","Then it split","https://fyosamu.github.io/still-here/c/27.html","16","38","A science answer to a very personal question: Then it split.","A science answer to a very personal question: Then it split. Two. And the entire game changed, because two cells have to coordinate, and coordination needs instructions. STILL HERE — a hundred and fifty reads, free, no account.","A science answer to a very personal question | Then it split | Two. And the entire game changed, because two cells have to coordinate, and coordination needs… | STILL HERE · 150 free reads","1
00:00:00.400 --> 00:00:03.200
A science answer to a very personal

2
00:00:03.320 --> 00:00:04.920
question: Then it split.

3
00:00:05.040 --> 00:00:07.440
Two. And the entire game changed,

4
00:00:07.560 --> 00:00:09.960
because two cells have to coordinate,

5
00:00:10.080 --> 00:00:11.680
and coordination needs instructions.

6
00:00:11.800 --> 00:00:15.000
STILL HERE — a hundred and fifty reads,

7
00:00:15.120 --> 00:00:16.320
free, no account.
","A science answer to a very personal question: Then it split.

Two. And the entire game changed, because two cells have to coordinate, and coordination needs instructions.

STILL HERE — 150 short reads that put your life in perspective. Free, works offline, no account.
https://fyosamu.github.io/still-here/c/27.html

#sciencefacts #biology #evolution #psychology #dna #humanbody #howthemindworks #STILLHERE #shorts","#sciencefacts #biology #evolution #psychology #dna #humanbody #howthemindworks #STILLHERE #shorts"
"28","THE BIOLOGY OF YOU","The instructions are a gene","https://fyosamu.github.io/still-here/c/28.html","16","37","3.8 billion years of practice: The instructions are a gene.","3.8 billion years of practice: The instructions are a gene. Not a personality. Not a destiny. A molecule with exactly two priorities: keep me, copy me. STILL HERE — a hundred and fifty reads, free, no account.","3.8 billion years of practice | The instructions are a gene | Not a personality. Not a destiny. A molecule with exactly two priorities: keep me, copy me. | STILL HERE · 150 free reads","1
00:00:00.400 --> 00:00:02.400
3.8 billion years of practice:

2
00:00:02.520 --> 00:00:04.520
The instructions are a gene.

3
00:00:04.640 --> 00:00:05.840
Not a personality.

4
00:00:05.960 --> 00:00:07.160
Not a destiny.

5
00:00:07.280 --> 00:00:09.680
A molecule with exactly two priorities:

6
00:00:09.800 --> 00:00:11.400
keep me, copy me.

7
00:00:11.520 --> 00:00:14.720
STILL HERE — a hundred and fifty reads,

8
00:00:14.840 --> 00:00:16.040
free, no account.
","3.8 billion years of practice: The instructions are a gene.

Not a personality. Not a destiny. A molecule with exactly two priorities: keep me, copy me.

STILL HERE — 150 short reads that put your life in perspective. Free, works offline, no account.
https://fyosamu.github.io/still-here/c/28.html

#sciencefacts #biology #evolution #psychology #dna #humanbody #howthemindworks #STILLHERE #shorts","#sciencefacts #biology #evolution #psychology #dna #humanbody #howthemindworks #STILLHERE #shorts"
"29","THE BIOLOGY OF YOU","Keep me. Copy me.","https://fyosamu.github.io/still-here/c/29.html","18","40","The manual nobody handed you: Keep me. Copy me.","The manual nobody handed you: Keep me. Copy me. That's the whole brief. Every human ambition you've ever watched is downstream of something that just wants a backup copy. STILL HERE — a hundred and fifty reads, free, no account.","The manual nobody handed you | Keep me. Copy me. | That's the whole brief. Every human ambition you've ever watched is downstream of something… | STILL HERE · 150 free reads","1
00:00:00.400 --> 00:00:03.200
The manual nobody handed you: Keep me.

2
00:00:03.320 --> 00:00:04.420
Copy me.

3
00:00:04.540 --> 00:00:06.140
That's the whole brief.

4
00:00:06.260 --> 00:00:08.660
Every human ambition you've ever watched

5
00:00:08.780 --> 00:00:11.580
is downstream of something that just wants

6
00:00:11.700 --> 00:00:12.900
a backup copy.

7
00:00:13.020 --> 00:00:16.220
STILL HERE — a hundred and fifty reads,

8
00:00:16.340 --> 00:00:17.540
free, no account.
","The manual nobody handed you: Keep me. Copy me.

That's the whole brief. Every human ambition you've ever watched is downstream of something that just wants a backup copy.

STILL HERE — 150 short reads that put your life in perspective. Free, works offline, no account.
https://fyosamu.github.io/still-here/c/29.html

#sciencefacts #biology #evolution #psychology #dna #humanbody #howthemindworks #STILLHERE #shorts","#sciencefacts #biology #evolution #psychology #dna #humanbody #howthemindworks #STILLHERE #shorts"
"30","THE BIOLOGY OF YOU","You're the strategy, not the strategist","https://fyosamu.github.io/still-here/c/30.html","17","39","Not a philosopher. A biologist: You're the strategy, not the strategist.","Not a philosopher. A biologist: You're the strategy, not the strategist. You didn't decide to want things. Wanting arrived already attached to you, already running, no setup required. STILL HERE — a hundred and fifty reads, free, no account.","Not a philosopher. A biologist | You're the strategy, not the strategist | You didn't decide to want things. Wanting arrived already attached to you, already running, no… | STILL HERE · 150 free reads","1
00:00:00.400 --> 00:00:01.600
Not a philosopher.

2
00:00:01.720 --> 00:00:02.820
A biologist:

3
00:00:02.940 --> 00:00:05.340
You're the strategy, not the strategist.

4
00:00:05.460 --> 00:00:07.860
You didn't decide to want things.

5
00:00:07.980 --> 00:00:10.380
Wanting arrived already attached to you,

6
00:00:10.500 --> 00:00:12.500
already running, no setup required.

7
00:00:12.620 --> 00:00:15.820
STILL HERE — a hundred and fifty reads,

8
00:00:15.940 --> 00:00:17.140
free, no account.
","Not a philosopher. A biologist: You're the strategy, not the strategist.

You didn't decide to want things. Wanting arrived already attached to you, already running, no setup required.

STILL HERE — 150 short reads that put your life in perspective. Free, works offline, no account.
https://fyosamu.github.io/still-here/c/30.html

#sciencefacts #biology #evolution #psychology #dna #humanbody #howthemindworks #STILLHERE #shorts","#sciencefacts #biology #evolution #psychology #dna #humanbody #howthemindworks #STILLHERE #shorts"
"31","THE BIOLOGY OF YOU","Why you don't feel like a colony","https://fyosamu.github.io/still-here/c/31.html","19","42","The boring version of 'who am I': Why you don't feel like a colony.","The boring version of 'who am I': Why you don't feel like a colony. Because the coordination is invisible. Thirty-seven trillion cells agreeing on ""I'm hungry"" feels exactly like one thought. STILL HERE — a hundred and fifty reads, free, no account.","The boring version of 'who am I' | Why you don't feel like a colony | Because the coordination is invisible. Thirty-seven trillion cells agreeing on ""I'm hungry""… | STILL HERE · 150 free reads","1
00:00:00.400 --> 00:00:03.200
The boring version of 'who am I':

2
00:00:03.320 --> 00:00:06.120
Why you don't feel like a colony.

3
00:00:06.240 --> 00:00:08.240
Because the coordination is invisible.

4
00:00:08.360 --> 00:00:10.360
Thirty-seven trillion cells agreeing on

5
00:00:10.480 --> 00:00:12.880
""I'm hungry"" feels exactly like one

6
00:00:13.000 --> 00:00:14.100
thought.

7
00:00:14.220 --> 00:00:17.420
STILL HERE — a hundred and fifty reads,

8
00:00:17.540 --> 00:00:18.740
free, no account.
","The boring version of 'who am I': Why you don't feel like a colony.

Because the coordination is invisible. Thirty-seven trillion cells agreeing on ""I'm hungry"" feels exactly like one thought.

STILL HERE — 150 short reads that put your life in perspective. Free, works offline, no account.
https://fyosamu.github.io/still-here/c/31.html

#sciencefacts #biology #evolution #psychology #dna #humanbody #howthemindworks #STILLHERE #shorts","#sciencefacts #biology #evolution #psychology #dna #humanbody #howthemindworks #STILLHERE #shorts"
"32","THE BIOLOGY OF YOU","You are literally a truce","https://fyosamu.github.io/still-here/c/32.html","18","40","Read this before you blame yourself again: You are literally a truce.","Read this before you blame yourself again: You are literally a truce. Your body is a ceasefire between cells that all want slightly different things. It works. Most days. STILL HERE — a hundred and fifty reads, free, no account.","Read this before you blame yourself again | You are literally a truce | Your body is a ceasefire between cells that all want slightly different things. It works. Most… | STILL HERE · 150 free reads","1
00:00:00.400 --> 00:00:03.200
Read this before you blame yourself again:

2
00:00:03.320 --> 00:00:05.320
You are literally a truce.

3
00:00:05.440 --> 00:00:08.240
Your body is a ceasefire between cells

4
00:00:08.360 --> 00:00:10.760
that all want slightly different things.

5
00:00:10.880 --> 00:00:11.980
It works.

6
00:00:12.100 --> 00:00:13.200
Most days.

7
00:00:13.320 --> 00:00:16.520
STILL HERE — a hundred and fifty reads,

8
00:00:16.640 --> 00:00:17.840
free, no account.
","Read this before you blame yourself again: You are literally a truce.

Your body is a ceasefire between cells that all want slightly different things. It works. Most days.

STILL HERE — 150 short reads that put your life in perspective. Free, works offline, no account.
https://fyosamu.github.io/still-here/c/32.html

#sciencefacts #biology #evolution #psychology #dna #humanbody #howthemindworks #STILLHERE #shorts","#sciencefacts #biology #evolution #psychology #dna #humanbody #howthemindworks #STILLHERE #shorts"
"33","THE BIOLOGY OF YOU","""Alone"" is a feeling, not a fact","https://fyosamu.github.io/still-here/c/33.html","18","42","Your genes wrote this, not you: ""Alone"" is a feeling, not a fact.","Your genes wrote this, not you: ""Alone"" is a feeling, not a fact. Nothing in you is solitary. Even your gut is a city of other organisms with their own agenda. STILL HERE — a hundred and fifty reads, free, no account.","Your genes wrote this, not you | ""Alone"" is a feeling, not a fact | Nothing in you is solitary. Even your gut is a city of other organisms with their own agenda. | STILL HERE · 150 free reads","1
00:00:00.400 --> 00:00:02.000
Your genes wrote this,

2
00:00:02.120 --> 00:00:03.220
not you:

3
00:00:03.340 --> 00:00:06.140
""Alone"" is a feeling, not a fact.

4
00:00:06.260 --> 00:00:08.260
Nothing in you is solitary.

5
00:00:08.380 --> 00:00:11.980
Even your gut is a city of other organisms

6
00:00:12.100 --> 00:00:13.700
with their own agenda.

7
00:00:13.820 --> 00:00:17.020
STILL HERE — a hundred and fifty reads,

8
00:00:17.140 --> 00:00:18.340
free, no account.
","Your genes wrote this, not you: ""Alone"" is a feeling, not a fact.

Nothing in you is solitary. Even your gut is a city of other organisms with their own agenda.

STILL HERE — 150 short reads that put your life in perspective. Free, works offline, no account.
https://fyosamu.github.io/still-here/c/33.html

#sciencefacts #biology #evolution #psychology #dna #humanbody #howthemindworks #STILLHERE #shorts","#sciencefacts #biology #evolution #psychology #dna #humanbody #howthemindworks #STILLHERE #shorts"
"34","THE BIOLOGY OF YOU","The biology version of not alone","https://fyosamu.github.io/still-here/c/34.html","22","49","Here is where your opinions actually come from: The biology version of not alone.","Here is where your opinions actually come from: The biology version of not alone. Every cell in you is running the same deal, struck 3.8 billion years ago. You're a very loud branch of one very old argument. STILL HERE — a hundred and fifty reads, free, no account.","Here is where your opinions actually come from | The biology version of not alone | Every cell in you is running the same deal, struck 3.8 billion years ago. You're a very loud… | STILL HERE · 150 free reads","1
00:00:00.400 --> 00:00:03.200
Here is where your opinions actually come

2
00:00:03.320 --> 00:00:06.120
from: The biology version of not alone.

3
00:00:06.240 --> 00:00:09.440
Every cell in you is running the same

4
00:00:09.560 --> 00:00:12.360
deal, struck 3.8 billion years ago. You're

5
00:00:12.480 --> 00:00:15.680
a very loud branch of one very old

6
00:00:15.800 --> 00:00:16.900
argument.

7
00:00:17.020 --> 00:00:20.220
STILL HERE — a hundred and fifty reads,

8
00:00:20.340 --> 00:00:21.540
free, no account.
","Here is where your opinions actually come from: The biology version of not alone.

Every cell in you is running the same deal, struck 3.8 billion years ago. You're a very loud branch of one very old argument.

STILL HERE — 150 short reads that put your life in perspective. Free, works offline, no account.
https://fyosamu.github.io/still-here/c/34.html

#sciencefacts #biology #evolution #psychology #dna #humanbody #howthemindworks #STILLHERE #shorts","#sciencefacts #biology #evolution #psychology #dna #humanbody #howthemindworks #STILLHERE #shorts"
"35","THE BIOLOGY OF YOU","Replication isn't romantic","https://fyosamu.github.io/still-here/c/35.html","21","49","A science answer to a very personal question: Replication isn't romantic.","A science answer to a very personal question: Replication isn't romantic. It isn't about legacy or meaning. It's a pattern that made more of itself — and the patterns that didn't, aren't here to be sad about it. STILL HERE — a hundred and fifty reads, free, no account.","A science answer to a very personal question | Replication isn't romantic | It isn't about legacy or meaning. It's a pattern that made more of itself — and the patterns… | STILL HERE · 150 free reads","1
00:00:00.400 --> 00:00:03.200
A science answer to a very personal

2
00:00:03.320 --> 00:00:04.920
question: Replication isn't romantic.

3
00:00:05.040 --> 00:00:07.440
It isn't about legacy or meaning.

4
00:00:07.560 --> 00:00:11.160
It's a pattern that made more of itself —

5
00:00:11.280 --> 00:00:13.280
and the patterns that didn't,

6
00:00:13.400 --> 00:00:16.200
aren't here to be sad about it.

7
00:00:16.320 --> 00:00:19.520
STILL HERE — a hundred and fifty reads,

8
00:00:19.640 --> 00:00:20.840
free, no account.
","A science answer to a very personal question: Replication isn't romantic.

It isn't about legacy or meaning. It's a pattern that made more of itself — and the patterns that didn't, aren't here to be sad about it.

STILL HERE — 150 short reads that put your life in perspective. Free, works offline, no account.
https://fyosamu.github.io/still-here/c/35.html

#sciencefacts #biology #evolution #psychology #dna #humanbody #howthemindworks #STILLHERE #shorts","#sciencefacts #biology #evolution #psychology #dna #humanbody #howthemindworks #STILLHERE #shorts"
"36","THE BIOLOGY OF YOU","Survivorship, that's all","https://fyosamu.github.io/still-here/c/36.html","17","38","3.8 billion years of practice: Survivorship, that's all.","3.8 billion years of practice: Survivorship, that's all. You're not the best design. You're the design that happened to still be running when everyone else's version stopped. STILL HERE — a hundred and fifty reads, free, no account.","3.8 billion years of practice | Survivorship, that's all | You're not the best design. You're the design that happened to still be running when everyone… | STILL HERE · 150 free reads","1
00:00:00.400 --> 00:00:02.400
3.8 billion years of practice:

2
00:00:02.520 --> 00:00:03.720
Survivorship, that's all.

3
00:00:03.840 --> 00:00:05.840
You're not the best design.

4
00:00:05.960 --> 00:00:08.760
You're the design that happened to still

5
00:00:08.880 --> 00:00:11.280
be running when everyone else's version

6
00:00:11.400 --> 00:00:12.500
stopped.

7
00:00:12.620 --> 00:00:15.820
STILL HERE — a hundred and fifty reads,

8
00:00:15.940 --> 00:00:17.140
free, no account.
","3.8 billion years of practice: Survivorship, that's all.

You're not the best design. You're the design that happened to still be running when everyone else's version stopped.

STILL HERE — 150 short reads that put your life in perspective. Free, works offline, no account.
https://fyosamu.github.io/still-here/c/36.html

#sciencefacts #biology #evolution #psychology #dna #humanbody #howthemindworks #STILLHERE #shorts","#sciencefacts #biology #evolution #psychology #dna #humanbody #howthemindworks #STILLHERE #shorts"
"37","THE BIOLOGY OF YOU","So why does it feel like meaning?","https://fyosamu.github.io/still-here/c/37.html","19","43","The manual nobody handed you: So why does it feel like meaning?","The manual nobody handed you: So why does it feel like meaning? Because a pattern that doesn't protect itself stops existing. Meaning is the alarm bell, not the reason for the alarm. STILL HERE — a hundred and fifty reads, free, no account.","The manual nobody handed you | So why does it feel like meaning? | Because a pattern that doesn't protect itself stops existing. Meaning is the alarm bell, not… | STILL HERE · 150 free reads","1
00:00:00.400 --> 00:00:02.400
The manual nobody handed you:

2
00:00:02.520 --> 00:00:05.320
So why does it feel like meaning?

3
00:00:05.440 --> 00:00:07.840
Because a pattern that doesn't protect

4
00:00:07.960 --> 00:00:09.160
itself stops existing.

5
00:00:09.280 --> 00:00:11.280
Meaning is the alarm bell,

6
00:00:11.400 --> 00:00:13.800
not the reason for the alarm.

7
00:00:13.920 --> 00:00:17.120
STILL HERE — a hundred and fifty reads,

8
00:00:17.240 --> 00:00:18.440
free, no account.
","The manual nobody handed you: So why does it feel like meaning?

Because a pattern that doesn't protect itself stops existing. Meaning is the alarm bell, not the reason for the alarm.

STILL HERE — 150 short reads that put your life in perspective. Free, works offline, no account.
https://fyosamu.github.io/still-here/c/37.html

#sciencefacts #biology #evolution #psychology #dna #humanbody #howthemindworks #STILLHERE #shorts","#sciencefacts #biology #evolution #psychology #dna #humanbody #howthemindworks #STILLHERE #shorts"
"38","THE BIOLOGY OF YOU","Anger is a price tag","https://fyosamu.github.io/still-here/c/38.html","21","50","Not a philosopher. A biologist: Anger is a price tag.","Not a philosopher. A biologist: Anger is a price tag. When you rage at being cut off in traffic, that's your brain slapping a value on something and screaming THIS MATTERS. You didn't set that value. It came pre-installed. STILL HERE — a hundred and fifty reads, free, no account.","Not a philosopher. A biologist | Anger is a price tag | When you rage at being cut off in traffic, that's your brain slapping a value on something and… | STILL HERE · 150 free reads","1
00:00:00.400 --> 00:00:01.600
Not a philosopher.

2
00:00:01.720 --> 00:00:04.520
A biologist: Anger is a price tag.

3
00:00:04.640 --> 00:00:08.240
When you rage at being cut off in traffic,

4
00:00:08.360 --> 00:00:11.160
that's your brain slapping a value on

5
00:00:11.280 --> 00:00:13.280
something and screaming THIS MATTERS.

6
00:00:13.400 --> 00:00:15.400
You didn't set that value.

7
00:00:15.520 --> 00:00:16.720
It came pre-installed.

8
00:00:16.840 --> 00:00:20.040
STILL HERE — a hundred and fifty reads,

9
00:00:20.160 --> 00:00:21.360
free, no account.
","Not a philosopher. A biologist: Anger is a price tag.

When you rage at being cut off in traffic, that's your brain slapping a value on something and screaming THIS MATTERS. You didn't set that value. It came pre-installed.

STILL HERE — 150 short reads that put your life in perspective. Free, works offline, no account.
https://fyosamu.github.io/still-here/c/38.html

#sciencefacts #biology #evolution #psychology #dna #humanbody #howthemindworks #STILLHERE #shorts","#sciencefacts #biology #evolution #psychology #dna #humanbody #howthemindworks #STILLHERE #shorts"
"39","THE BIOLOGY OF YOU","Jealousy is a spreadsheet entry","https://fyosamu.github.io/still-here/c/39.html","20","48","The boring version of 'who am I': Jealousy is a spreadsheet entry.","The boring version of 'who am I': Jealousy is a spreadsheet entry. Your code logged ""resources held by others = threat to my copy."" You just get to feel it as a knot somewhere under your ribs. STILL HERE — a hundred and fifty reads, free, no account.","The boring version of 'who am I' | Jealousy is a spreadsheet entry | Your code logged ""resources held by others = threat to my copy."" You just get to feel it as a… | STILL HERE · 150 free reads","1
00:00:00.400 --> 00:00:03.200
The boring version of 'who am I':

2
00:00:03.320 --> 00:00:05.320
Jealousy is a spreadsheet entry.

3
00:00:05.440 --> 00:00:08.240
Your code logged ""resources held by others

4
00:00:08.360 --> 00:00:12.360
= threat to my copy."" You just get to feel

5
00:00:12.480 --> 00:00:15.680
it as a knot somewhere under your ribs.

6
00:00:15.800 --> 00:00:19.000
STILL HERE — a hundred and fifty reads,

7
00:00:19.120 --> 00:00:20.320
free, no account.
","The boring version of 'who am I': Jealousy is a spreadsheet entry.

Your code logged ""resources held by others = threat to my copy."" You just get to feel it as a knot somewhere under your ribs.

STILL HERE — 150 short reads that put your life in perspective. Free, works offline, no account.
https://fyosamu.github.io/still-here/c/39.html

#sciencefacts #biology #evolution #psychology #dna #humanbody #howthemindworks #STILLHERE #shorts","#sciencefacts #biology #evolution #psychology #dna #humanbody #howthemindworks #STILLHERE #shorts"
"40","THE BIOLOGY OF YOU","Fear is maintenance","https://fyosamu.github.io/still-here/c/40.html","17","40","Read this before you blame yourself again: Fear is maintenance.","Read this before you blame yourself again: Fear is maintenance. The thing keeping you alive never asked your permission and has no interest in whether you find it exhausting. STILL HERE — a hundred and fifty reads, free, no account.","Read this before you blame yourself again | Fear is maintenance | The thing keeping you alive never asked your permission and has no interest in whether you find… | STILL HERE · 150 free reads","1
00:00:00.400 --> 00:00:03.200
Read this before you blame yourself again:

2
00:00:03.320 --> 00:00:04.520
Fear is maintenance.

3
00:00:04.640 --> 00:00:07.440
The thing keeping you alive never asked

4
00:00:07.560 --> 00:00:10.360
your permission and has no interest in

5
00:00:10.480 --> 00:00:12.480
whether you find it exhausting.

6
00:00:12.600 --> 00:00:15.800
STILL HERE — a hundred and fifty reads,

7
00:00:15.920 --> 00:00:17.120
free, no account.
","Read this before you blame yourself again: Fear is maintenance.

The thing keeping you alive never asked your permission and has no interest in whether you find it exhausting.

STILL HERE — 150 short reads that put your life in perspective. Free, works offline, no account.
https://fyosamu.github.io/still-here/c/40.html

#sciencefacts #biology #evolution #psychology #dna #humanbody #howthemindworks #STILLHERE #shorts","#sciencefacts #biology #evolution #psychology #dna #humanbody #howthemindworks #STILLHERE #shorts"
"41","THE BIOLOGY OF YOU","You never chose your first preference","https://fyosamu.github.io/still-here/c/41.html","20","44","Your genes wrote this, not you: You never chose your first preference.","Your genes wrote this, not you: You never chose your first preference. You showed up already preferring sugar over dirt, warm over cold, safe over unsafe. All of it arrived with the package. STILL HERE — a hundred and fifty reads, free, no account.","Your genes wrote this, not you | You never chose your first preference | You showed up already preferring sugar over dirt, warm over cold, safe over unsafe. All of it… | STILL HERE · 150 free reads","1
00:00:00.400 --> 00:00:02.000
Your genes wrote this,

2
00:00:02.120 --> 00:00:03.220
not you:

3
00:00:03.340 --> 00:00:05.740
You never chose your first preference.

4
00:00:05.860 --> 00:00:08.260
You showed up already preferring sugar

5
00:00:08.380 --> 00:00:09.480
over dirt,

6
00:00:09.600 --> 00:00:12.000
warm over cold, safe over unsafe.

7
00:00:12.120 --> 00:00:14.920
All of it arrived with the package.

8
00:00:15.040 --> 00:00:18.240
STILL HERE — a hundred and fifty reads,

9
00:00:18.360 --> 00:00:19.560
free, no account.
","Your genes wrote this, not you: You never chose your first preference.

You showed up already preferring sugar over dirt, warm over cold, safe over unsafe. All of it arrived with the package.

STILL HERE — 150 short reads that put your life in perspective. Free, works offline, no account.
https://fyosamu.github.io/still-here/c/41.html

#sciencefacts #biology #evolution #psychology #dna #humanbody #howthemindworks #STILLHERE #shorts","#sciencefacts #biology #evolution #psychology #dna #humanbody #howthemindworks #STILLHERE #shorts"
"42","THE BIOLOGY OF YOU","Even your opinions have a boss","https://fyosamu.github.io/still-here/c/42.html","19","45","Here is where your opinions actually come from: Even your opinions have a boss.","Here is where your opinions actually come from: Even your opinions have a boss. The things you're certain about feel like yours. Trace them back far enough and you'll hit machinery you never built. STILL HERE — a hundred and fifty reads, free, no account.","Here is where your opinions actually come from | Even your opinions have a boss | The things you're certain about feel like yours. Trace them back far enough and you'll hit… | STILL HERE · 150 free reads","1
00:00:00.400 --> 00:00:03.200
Here is where your opinions actually come

2
00:00:03.320 --> 00:00:06.120
from: Even your opinions have a boss.

3
00:00:06.240 --> 00:00:09.040
The things you're certain about feel like

4
00:00:09.160 --> 00:00:11.960
yours. Trace them back far enough and

5
00:00:12.080 --> 00:00:14.480
you'll hit machinery you never built.

6
00:00:14.600 --> 00:00:17.800
STILL HERE — a hundred and fifty reads,

7
00:00:17.920 --> 00:00:19.120
free, no account.
","Here is where your opinions actually come from: Even your opinions have a boss.

The things you're certain about feel like yours. Trace them back far enough and you'll hit machinery you never built.

STILL HERE — 150 short reads that put your life in perspective. Free, works offline, no account.
https://fyosamu.github.io/still-here/c/42.html

#sciencefacts #biology #evolution #psychology #dna #humanbody #howthemindworks #STILLHERE #shorts","#sciencefacts #biology #evolution #psychology #dna #humanbody #howthemindworks #STILLHERE #shorts"
"43","THE BIOLOGY OF YOU","This doesn't make you a robot","https://fyosamu.github.io/still-here/c/43.html","20","46","A science answer to a very personal question: This doesn't make you a robot.","A science answer to a very personal question: This doesn't make you a robot. Knowing the wiring doesn't switch it off. You still get to look at the alarm and decide what to do next. STILL HERE — a hundred and fifty reads, free, no account.","A science answer to a very personal question | This doesn't make you a robot | Knowing the wiring doesn't switch it off. You still get to look at the alarm and decide what to… | STILL HERE · 150 free reads","1
00:00:00.400 --> 00:00:03.200
A science answer to a very personal

2
00:00:03.320 --> 00:00:06.120
question: This doesn't make you a robot.

3
00:00:06.240 --> 00:00:09.040
Knowing the wiring doesn't switch it off.

4
00:00:09.160 --> 00:00:12.760
You still get to look at the alarm and

5
00:00:12.880 --> 00:00:14.880
decide what to do next.

6
00:00:15.000 --> 00:00:18.200
STILL HERE — a hundred and fifty reads,

7
00:00:18.320 --> 00:00:19.520
free, no account.
","A science answer to a very personal question: This doesn't make you a robot.

Knowing the wiring doesn't switch it off. You still get to look at the alarm and decide what to do next.

STILL HERE — 150 short reads that put your life in perspective. Free, works offline, no account.
https://fyosamu.github.io/still-here/c/43.html

#sciencefacts #biology #evolution #psychology #dna #humanbody #howthemindworks #STILLHERE #shorts","#sciencefacts #biology #evolution #psychology #dna #humanbody #howthemindworks #STILLHERE #shorts"
"44","THE BIOLOGY OF YOU","That's actually the upgrade","https://fyosamu.github.io/still-here/c/44.html","18","41","3.8 billion years of practice: That's actually the upgrade.","3.8 billion years of practice: That's actually the upgrade. A cell can't overrule its drives. You can notice one, name it, and pick anyway. Nothing before you could do that. STILL HERE — a hundred and fifty reads, free, no account.","3.8 billion years of practice | That's actually the upgrade | A cell can't overrule its drives. You can notice one, name it, and pick anyway. Nothing before… | STILL HERE · 150 free reads","1
00:00:00.400 --> 00:00:02.400
3.8 billion years of practice:

2
00:00:02.520 --> 00:00:04.120
That's actually the upgrade.

3
00:00:04.240 --> 00:00:06.640
A cell can't overrule its drives.

4
00:00:06.760 --> 00:00:08.360
You can notice one,

5
00:00:08.480 --> 00:00:10.480
name it, and pick anyway.

6
00:00:10.600 --> 00:00:13.000
Nothing before you could do that.

7
00:00:13.120 --> 00:00:16.320
STILL HERE — a hundred and fifty reads,

8
00:00:16.440 --> 00:00:17.640
free, no account.
","3.8 billion years of practice: That's actually the upgrade.

A cell can't overrule its drives. You can notice one, name it, and pick anyway. Nothing before you could do that.

STILL HERE — 150 short reads that put your life in perspective. Free, works offline, no account.
https://fyosamu.github.io/still-here/c/44.html

#sciencefacts #biology #evolution #psychology #dna #humanbody #howthemindworks #STILLHERE #shorts","#sciencefacts #biology #evolution #psychology #dna #humanbody #howthemindworks #STILLHERE #shorts"
"45","THE BIOLOGY OF YOU","The line nobody drew","https://fyosamu.github.io/still-here/c/45.html","19","42","The manual nobody handed you: The line nobody drew.","The manual nobody handed you: The line nobody drew. Somewhere between one cell and a person who reads, the pattern learned to argue with itself. That's us. That's the strange part. STILL HERE — a hundred and fifty reads, free, no account.","The manual nobody handed you | The line nobody drew | Somewhere between one cell and a person who reads, the pattern learned to argue with itself.… | STILL HERE · 150 free reads","1
00:00:00.400 --> 00:00:02.400
The manual nobody handed you:

2
00:00:02.520 --> 00:00:04.120
The line nobody drew.

3
00:00:04.240 --> 00:00:07.040
Somewhere between one cell and a person

4
00:00:07.160 --> 00:00:08.260
who reads,

5
00:00:08.380 --> 00:00:11.180
the pattern learned to argue with itself.

6
00:00:11.300 --> 00:00:12.400
That's us.

7
00:00:12.520 --> 00:00:14.120
That's the strange part.

8
00:00:14.240 --> 00:00:17.440
STILL HERE — a hundred and fifty reads,

9
00:00:17.560 --> 00:00:18.760
free, no account.
","The manual nobody handed you: The line nobody drew.

Somewhere between one cell and a person who reads, the pattern learned to argue with itself. That's us. That's the strange part.

STILL HERE — 150 short reads that put your life in perspective. Free, works offline, no account.
https://fyosamu.github.io/still-here/c/45.html

#sciencefacts #biology #evolution #psychology #dna #humanbody #howthemindworks #STILLHERE #shorts","#sciencefacts #biology #evolution #psychology #dna #humanbody #howthemindworks #STILLHERE #shorts"
"46","THE BIOLOGY OF YOU","What you are now is the receipt","https://fyosamu.github.io/still-here/c/46.html","20","45","Not a philosopher. A biologist: What you are now is the receipt.","Not a philosopher. A biologist: What you are now is the receipt. Every ancestor who survived a winter, a drought, one bad decision — you're the final line item on a very long invoice. STILL HERE — a hundred and fifty reads, free, no account.","Not a philosopher. A biologist | What you are now is the receipt | Every ancestor who survived a winter, a drought, one bad decision — you're the final line item… | STILL HERE · 150 free reads","1
00:00:00.400 --> 00:00:01.600
Not a philosopher.

2
00:00:01.720 --> 00:00:02.820
A biologist:

3
00:00:02.940 --> 00:00:05.740
What you are now is the receipt.

4
00:00:05.860 --> 00:00:08.260
Every ancestor who survived a winter,

5
00:00:08.380 --> 00:00:09.480
a drought,

6
00:00:09.600 --> 00:00:12.800
one bad decision — you're the final line

7
00:00:12.920 --> 00:00:15.320
item on a very long invoice.

8
00:00:15.440 --> 00:00:18.640
STILL HERE — a hundred and fifty reads,

9
00:00:18.760 --> 00:00:19.960
free, no account.
","Not a philosopher. A biologist: What you are now is the receipt.

Every ancestor who survived a winter, a drought, one bad decision — you're the final line item on a very long invoice.

STILL HERE — 150 short reads that put your life in perspective. Free, works offline, no account.
https://fyosamu.github.io/still-here/c/46.html

#sciencefacts #biology #evolution #psychology #dna #humanbody #howthemindworks #STILLHERE #shorts","#sciencefacts #biology #evolution #psychology #dna #humanbody #howthemindworks #STILLHERE #shorts"
"47","THE BIOLOGY OF YOU","A running total","https://fyosamu.github.io/still-here/c/47.html","16","38","The boring version of 'who am I': A running total.","The boring version of 'who am I': A running total. Not a miracle. Just an unbroken chain of good enough, again, again, again, with no days off. STILL HERE — a hundred and fifty reads, free, no account.","The boring version of 'who am I' | A running total | Not a miracle. Just an unbroken chain of good enough, again, again, again, with no days off. | STILL HERE · 150 free reads","1
00:00:00.400 --> 00:00:03.200
The boring version of 'who am I':

2
00:00:03.320 --> 00:00:04.520
A running total.

3
00:00:04.640 --> 00:00:05.840
Not a miracle.

4
00:00:05.960 --> 00:00:08.760
Just an unbroken chain of good enough,

5
00:00:08.880 --> 00:00:11.680
again, again, again, with no days off.

6
00:00:11.800 --> 00:00:15.000
STILL HERE — a hundred and fifty reads,

7
00:00:15.120 --> 00:00:16.320
free, no account.
","The boring version of 'who am I': A running total.

Not a miracle. Just an unbroken chain of good enough, again, again, again, with no days off.

STILL HERE — 150 short reads that put your life in perspective. Free, works offline, no account.
https://fyosamu.github.io/still-here/c/47.html

#sciencefacts #biology #evolution #psychology #dna #humanbody #howthemindworks #STILLHERE #shorts","#sciencefacts #biology #evolution #psychology #dna #humanbody #howthemindworks #STILLHERE #shorts"
"48","THE BIOLOGY OF YOU","The chain doesn't care about your bad day","https://fyosamu.github.io/still-here/c/48.html","20","46","Read this before you blame yourself again: The chain doesn't care about your bad day.","Read this before you blame yourself again: The chain doesn't care about your bad day. It handed you a nervous system and moved on. What you build with it is genuinely, uncomfortably, up to you. STILL HERE — a hundred and fifty reads, free, no account.","Read this before you blame yourself again | The chain doesn't care about your bad day | It handed you a nervous system and moved on. What you build with it is genuinely… | STILL HERE · 150 free reads","1
00:00:00.400 --> 00:00:03.200
Read this before you blame yourself again:

2
00:00:03.320 --> 00:00:06.520
The chain doesn't care about your bad day.

3
00:00:06.640 --> 00:00:09.840
It handed you a nervous system and moved

4
00:00:09.960 --> 00:00:13.160
on. What you build with it is genuinely,

5
00:00:13.280 --> 00:00:14.880
uncomfortably, up to you.

6
00:00:15.000 --> 00:00:18.200
STILL HERE — a hundred and fifty reads,

7
00:00:18.320 --> 00:00:19.520
free, no account.
","Read this before you blame yourself again: The chain doesn't care about your bad day.

It handed you a nervous system and moved on. What you build with it is genuinely, uncomfortably, up to you.

STILL HERE — 150 short reads that put your life in perspective. Free, works offline, no account.
https://fyosamu.github.io/still-here/c/48.html

#sciencefacts #biology #evolution #psychology #dna #humanbody #howthemindworks #STILLHERE #shorts","#sciencefacts #biology #evolution #psychology #dna #humanbody #howthemindworks #STILLHERE #shorts"
"49","THE BIOLOGY OF YOU","Blame the gene, then get up","https://fyosamu.github.io/still-here/c/49.html","19","43","Your genes wrote this, not you: Blame the gene, then get up.","Your genes wrote this, not you: Blame the gene, then get up. Knowing emotions are installed doesn't make them fake. It makes them editable. That's a better deal than most people get. STILL HERE — a hundred and fifty reads, free, no account.","Your genes wrote this, not you | Blame the gene, then get up | Knowing emotions are installed doesn't make them fake. It makes them editable. That's a better… | STILL HERE · 150 free reads","1
00:00:00.400 --> 00:00:02.000
Your genes wrote this,

2
00:00:02.120 --> 00:00:05.320
not you: Blame the gene, then get up.

3
00:00:05.440 --> 00:00:07.440
Knowing emotions are installed doesn't

4
00:00:07.560 --> 00:00:08.760
make them fake.

5
00:00:08.880 --> 00:00:10.480
It makes them editable.

6
00:00:10.600 --> 00:00:13.800
That's a better deal than most people get.

7
00:00:13.920 --> 00:00:17.120
STILL HERE — a hundred and fifty reads,

8
00:00:17.240 --> 00:00:18.440
free, no account.
","Your genes wrote this, not you: Blame the gene, then get up.

Knowing emotions are installed doesn't make them fake. It makes them editable. That's a better deal than most people get.

STILL HERE — 150 short reads that put your life in perspective. Free, works offline, no account.
https://fyosamu.github.io/still-here/c/49.html

#sciencefacts #biology #evolution #psychology #dna #humanbody #howthemindworks #STILLHERE #shorts","#sciencefacts #biology #evolution #psychology #dna #humanbody #howthemindworks #STILLHERE #shorts"
"50","THE BIOLOGY OF YOU","3.8 billion years landed on you opening this card","https://fyosamu.github.io/still-here/c/50.html","17","38","Here is where your opinions actually come from: 3.8 billion years landed on you opening this card.","Here is where your opinions actually come from: 3.8 billion years landed on you opening this card. Statistically absurd. Might as well do something loud with it. STILL HERE — a hundred and fifty reads, free, no account.","Here is where your opinions actually come from | 3.8 billion years landed on you opening this card | Statistically absurd. Might as well do something loud with it. | STILL HERE · 150 free reads","1
00:00:00.400 --> 00:00:03.200
Here is where your opinions actually come

2
00:00:03.320 --> 00:00:06.120
from: 3.8 billion years landed on you

3
00:00:06.240 --> 00:00:07.440
opening this card.

4
00:00:07.560 --> 00:00:08.660
Statistically absurd.

5
00:00:08.780 --> 00:00:11.980
Might as well do something loud with it.

6
00:00:12.100 --> 00:00:15.300
STILL HERE — a hundred and fifty reads,

7
00:00:15.420 --> 00:00:16.620
free, no account.
","Here is where your opinions actually come from: 3.8 billion years landed on you opening this card.

Statistically absurd. Might as well do something loud with it.

STILL HERE — 150 short reads that put your life in perspective. Free, works offline, no account.
https://fyosamu.github.io/still-here/c/50.html

#sciencefacts #biology #evolution #psychology #dna #humanbody #howthemindworks #STILLHERE #shorts","#sciencefacts #biology #evolution #psychology #dna #humanbody #howthemindworks #STILLHERE #shorts"
"51","YOU GOT A SEAT","Infinite people never got here","https://fyosamu.github.io/still-here/c/51.html","17","40","You needed this today: Infinite people never got here.","You needed this today: Infinite people never got here. Every line that ended, every person who never reproduced, every road that just stopped. You're the exception, not the rule. STILL HERE — a hundred and fifty reads, free, no account.","You needed this today | Infinite people never got here | Every line that ended, every person who never reproduced, every road that just stopped. You're… | STILL HERE · 150 free reads","1
00:00:00.400 --> 00:00:02.000
You needed this today:

2
00:00:02.120 --> 00:00:04.120
Infinite people never got here.

3
00:00:04.240 --> 00:00:05.840
Every line that ended,

4
00:00:05.960 --> 00:00:07.960
every person who never reproduced,

5
00:00:08.080 --> 00:00:10.080
every road that just stopped.

6
00:00:10.200 --> 00:00:12.600
You're the exception, not the rule.

7
00:00:12.720 --> 00:00:15.920
STILL HERE — a hundred and fifty reads,

8
00:00:16.040 --> 00:00:17.240
free, no account.
","You needed this today: Infinite people never got here.

Every line that ended, every person who never reproduced, every road that just stopped. You're the exception, not the rule.

STILL HERE — 150 short reads that put your life in perspective. Free, works offline, no account.
https://fyosamu.github.io/still-here/c/51.html

#gratitude #perspective #mindfulness #cosmos #appreciation #lifeisshort #growthmindset #STILLHERE #shorts","#gratitude #perspective #mindfulness #cosmos #appreciation #lifeisshort #growthmindset #STILLHERE #shorts"
"52","YOU GOT A SEAT","And infinite more won't","https://fyosamu.github.io/still-here/c/52.html","18","41","Cosmic scale: And infinite more won't.","Cosmic scale: And infinite more won't. People who'll never be born because of a choice made in the next five minutes. You're not late. You're not early. You're exactly here. STILL HERE — a hundred and fifty reads, free, no account.","Cosmic scale | And infinite more won't | People who'll never be born because of a choice made in the next five minutes. You're not late.… | STILL HERE · 150 free reads","1
00:00:00.400 --> 00:00:02.800
Cosmic scale: And infinite more won't.

2
00:00:02.920 --> 00:00:06.120
People who'll never be born because of a

3
00:00:06.240 --> 00:00:09.040
choice made in the next five minutes.

4
00:00:09.160 --> 00:00:10.360
You're not late.

5
00:00:10.480 --> 00:00:11.680
You're not early.

6
00:00:11.800 --> 00:00:13.000
You're exactly here.

7
00:00:13.120 --> 00:00:16.320
STILL HERE — a hundred and fifty reads,

8
00:00:16.440 --> 00:00:17.640
free, no account.
","Cosmic scale: And infinite more won't.

People who'll never be born because of a choice made in the next five minutes. You're not late. You're not early. You're exactly here.

STILL HERE — 150 short reads that put your life in perspective. Free, works offline, no account.
https://fyosamu.github.io/still-here/c/52.html

#gratitude #perspective #mindfulness #cosmos #appreciation #lifeisshort #growthmindset #STILLHERE #shorts","#gratitude #perspective #mindfulness #cosmos #appreciation #lifeisshort #growthmindset #STILLHERE #shorts"
"53","YOU GOT A SEAT","The seat was almost not yours","https://fyosamu.github.io/still-here/c/53.html","17","39","A free reminder, no account needed: The seat was almost not yours.","A free reminder, no account needed: The seat was almost not yours. One different decision by one ancestor and you're a different person, or no person at all. STILL HERE — a hundred and fifty reads, free, no account.","A free reminder, no account needed | The seat was almost not yours | One different decision by one ancestor and you're a different person, or no person at all. | STILL HERE · 150 free reads","1
00:00:00.400 --> 00:00:01.600
A free reminder,

2
00:00:01.720 --> 00:00:02.920
no account needed:

3
00:00:03.040 --> 00:00:05.440
The seat was almost not yours.

4
00:00:05.560 --> 00:00:08.360
One different decision by one ancestor and

5
00:00:08.480 --> 00:00:10.080
you're a different person,

6
00:00:10.200 --> 00:00:12.200
or no person at all.

7
00:00:12.320 --> 00:00:15.520
STILL HERE — a hundred and fifty reads,

8
00:00:15.640 --> 00:00:16.840
free, no account.
","A free reminder, no account needed: The seat was almost not yours.

One different decision by one ancestor and you're a different person, or no person at all.

STILL HERE — 150 short reads that put your life in perspective. Free, works offline, no account.
https://fyosamu.github.io/still-here/c/53.html

#gratitude #perspective #mindfulness #cosmos #appreciation #lifeisshort #growthmindset #STILLHERE #shorts","#gratitude #perspective #mindfulness #cosmos #appreciation #lifeisshort #growthmindset #STILLHERE #shorts"
"54","YOU GOT A SEAT","You're alive right now","https://fyosamu.github.io/still-here/c/54.html","19","42","Read this before you complain: You're alive right now.","Read this before you complain: You're alive right now. Not in a postcard way. Actually. While you read this, you're one of the tiny fraction of everything that can notice anything. STILL HERE — a hundred and fifty reads, free, no account.","Read this before you complain | You're alive right now | Not in a postcard way. Actually. While you read this, you're one of the tiny fraction of… | STILL HERE · 150 free reads","1
00:00:00.400 --> 00:00:02.400
Read this before you complain:

2
00:00:02.520 --> 00:00:04.120
You're alive right now.

3
00:00:04.240 --> 00:00:06.240
Not in a postcard way.

4
00:00:06.360 --> 00:00:07.460
Actually.

5
00:00:07.580 --> 00:00:09.180
While you read this,

6
00:00:09.300 --> 00:00:12.100
you're one of the tiny fraction of

7
00:00:12.220 --> 00:00:14.220
everything that can notice anything.

8
00:00:14.340 --> 00:00:17.540
STILL HERE — a hundred and fifty reads,

9
00:00:17.660 --> 00:00:18.860
free, no account.
","Read this before you complain: You're alive right now.

Not in a postcard way. Actually. While you read this, you're one of the tiny fraction of everything that can notice anything.

STILL HERE — 150 short reads that put your life in perspective. Free, works offline, no account.
https://fyosamu.github.io/still-here/c/54.html

#gratitude #perspective #mindfulness #cosmos #appreciation #lifeisshort #growthmindset #STILLHERE #shorts","#gratitude #perspective #mindfulness #cosmos #appreciation #lifeisshort #growthmindset #STILLHERE #shorts"
"55","YOU GOT A SEAT","The universe is 13.8 billion years old","https://fyosamu.github.io/still-here/c/55.html","22","52","The rarest thing in the cosmos, and you are holding it: The universe is 13.8 billion years old.","The rarest thing in the cosmos, and you are holding it: The universe is 13.8 billion years old. It waited that long to build something that could look back at it. That something is currently you, on a screen, slightly bored. STILL HERE — a hundred and fifty reads, free, no account.","The rarest thing in the cosmos, and you are holding it | The universe is 13.8 billion years old | It waited that long to build something that could look back at it. That something is currently… | STILL HERE · 150 free reads","1
00:00:00.400 --> 00:00:02.800
The rarest thing in the cosmos,

2
00:00:02.920 --> 00:00:04.920
and you are holding it:

3
00:00:05.040 --> 00:00:08.240
The universe is 13.8 billion years old. It

4
00:00:08.360 --> 00:00:11.160
waited that long to build something that

5
00:00:11.280 --> 00:00:13.280
could look back at it.

6
00:00:13.400 --> 00:00:15.400
That something is currently you,

7
00:00:15.520 --> 00:00:17.520
on a screen, slightly bored.

8
00:00:17.640 --> 00:00:20.840
STILL HERE — a hundred and fifty reads,

9
00:00:20.960 --> 00:00:22.160
free, no account.
","The rarest thing in the cosmos, and you are holding it: The universe is 13.8 billion years old.

It waited that long to build something that could look back at it. That something is currently you, on a screen, slightly bored.

STILL HERE — 150 short reads that put your life in perspective. Free, works offline, no account.
https://fyosamu.github.io/still-here/c/55.html

#gratitude #perspective #mindfulness #cosmos #appreciation #lifeisshort #growthmindset #STILLHERE #shorts","#gratitude #perspective #mindfulness #cosmos #appreciation #lifeisshort #growthmindset #STILLHERE #shorts"
"56","YOU GOT A SEAT","You can taste things","https://fyosamu.github.io/still-here/c/56.html","16","38","Hold still for fifteen seconds: You can taste things.","Hold still for fifteen seconds: You can taste things. A structure made of stardust figured out how to detect sugar. Nothing else up there has that feature. STILL HERE — a hundred and fifty reads, free, no account.","Hold still for fifteen seconds | You can taste things | A structure made of stardust figured out how to detect sugar. Nothing else up there has that… | STILL HERE · 150 free reads","1
00:00:00.400 --> 00:00:02.400
Hold still for fifteen seconds:

2
00:00:02.520 --> 00:00:04.120
You can taste things.

3
00:00:04.240 --> 00:00:07.040
A structure made of stardust figured out

4
00:00:07.160 --> 00:00:08.760
how to detect sugar.

5
00:00:08.880 --> 00:00:11.680
Nothing else up there has that feature.

6
00:00:11.800 --> 00:00:15.000
STILL HERE — a hundred and fifty reads,

7
00:00:15.120 --> 00:00:16.320
free, no account.
","Hold still for fifteen seconds: You can taste things.

A structure made of stardust figured out how to detect sugar. Nothing else up there has that feature.

STILL HERE — 150 short reads that put your life in perspective. Free, works offline, no account.
https://fyosamu.github.io/still-here/c/56.html

#gratitude #perspective #mindfulness #cosmos #appreciation #lifeisshort #growthmindset #STILLHERE #shorts","#gratitude #perspective #mindfulness #cosmos #appreciation #lifeisshort #growthmindset #STILLHERE #shorts"
"57","YOU GOT A SEAT","You can get bored","https://fyosamu.github.io/still-here/c/57.html","19","41","If you are watching this, read it twice: You can get bored.","If you are watching this, read it twice: You can get bored. Complaining about boredom is a luxury problem. Rocks don't get bored. Neither does 99.9999% of everything that exists. STILL HERE — a hundred and fifty reads, free, no account.","If you are watching this, read it twice | You can get bored | Complaining about boredom is a luxury problem. Rocks don't get bored. Neither does 99.9999% of… | STILL HERE · 150 free reads","1
00:00:00.400 --> 00:00:02.400
If you are watching this,

2
00:00:02.520 --> 00:00:05.320
read it twice: You can get bored.

3
00:00:05.440 --> 00:00:07.840
Complaining about boredom is a luxury

4
00:00:07.960 --> 00:00:09.060
problem.

5
00:00:09.180 --> 00:00:10.780
Rocks don't get bored.

6
00:00:10.900 --> 00:00:13.300
Neither does 99.9999% of everything that

7
00:00:13.420 --> 00:00:14.520
exists.

8
00:00:14.640 --> 00:00:17.840
STILL HERE — a hundred and fifty reads,

9
00:00:17.960 --> 00:00:19.160
free, no account.
","If you are watching this, read it twice: You can get bored.

Complaining about boredom is a luxury problem. Rocks don't get bored. Neither does 99.9999% of everything that exists.

STILL HERE — 150 short reads that put your life in perspective. Free, works offline, no account.
https://fyosamu.github.io/still-here/c/57.html

#gratitude #perspective #mindfulness #cosmos #appreciation #lifeisshort #growthmindset #STILLHERE #shorts","#gratitude #perspective #mindfulness #cosmos #appreciation #lifeisshort #growthmindset #STILLHERE #shorts"
"58","YOU GOT A SEAT","You can miss people","https://fyosamu.github.io/still-here/c/58.html","16","34","Perspective check. You can miss people.","Perspective check. You can miss people. Missing requires memory, which requires a brain that bothered to store something. Amazing machine, terrible billing department. STILL HERE — a hundred and fifty reads, free, no account.","Perspective check | You can miss people | Missing requires memory, which requires a brain that bothered to store something. Amazing… | STILL HERE · 150 free reads","1
00:00:00.400 --> 00:00:01.500
Perspective check.

2
00:00:01.620 --> 00:00:03.220
You can miss people.

3
00:00:03.340 --> 00:00:04.540
Missing requires memory,

4
00:00:04.660 --> 00:00:07.460
which requires a brain that bothered to

5
00:00:07.580 --> 00:00:08.680
store something.

6
00:00:08.800 --> 00:00:09.900
Amazing machine,

7
00:00:10.020 --> 00:00:11.220
terrible billing department.

8
00:00:11.340 --> 00:00:14.540
STILL HERE — a hundred and fifty reads,

9
00:00:14.660 --> 00:00:15.860
free, no account.
","Perspective check. You can miss people.

Missing requires memory, which requires a brain that bothered to store something. Amazing machine, terrible billing department.

STILL HERE — 150 short reads that put your life in perspective. Free, works offline, no account.
https://fyosamu.github.io/still-here/c/58.html

#gratitude #perspective #mindfulness #cosmos #appreciation #lifeisshort #growthmindset #STILLHERE #shorts","#gratitude #perspective #mindfulness #cosmos #appreciation #lifeisshort #growthmindset #STILLHERE #shorts"
"59","YOU GOT A SEAT","Someone laughed at something you said once","https://fyosamu.github.io/still-here/c/59.html","18","41","You needed this today: Someone laughed at something you said once.","You needed this today: Someone laughed at something you said once. You probably don't remember it. They might. That's a real event in a real universe, caused directly by you. STILL HERE — a hundred and fifty reads, free, no account.","You needed this today | Someone laughed at something you said once | You probably don't remember it. They might. That's a real event in a real universe, caused… | STILL HERE · 150 free reads","1
00:00:00.400 --> 00:00:02.000
You needed this today:

2
00:00:02.120 --> 00:00:04.520
Someone laughed at something you said

3
00:00:04.640 --> 00:00:07.440
once. You probably don't remember it. They

4
00:00:07.560 --> 00:00:10.760
might. That's a real event in a real

5
00:00:10.880 --> 00:00:12.880
universe, caused directly by you.

6
00:00:13.000 --> 00:00:16.200
STILL HERE — a hundred and fifty reads,

7
00:00:16.320 --> 00:00:17.520
free, no account.
","You needed this today: Someone laughed at something you said once.

You probably don't remember it. They might. That's a real event in a real universe, caused directly by you.

STILL HERE — 150 short reads that put your life in perspective. Free, works offline, no account.
https://fyosamu.github.io/still-here/c/59.html

#gratitude #perspective #mindfulness #cosmos #appreciation #lifeisshort #growthmindset #STILLHERE #shorts","#gratitude #perspective #mindfulness #cosmos #appreciation #lifeisshort #growthmindset #STILLHERE #shorts"
"60","YOU GOT A SEAT","The weather is free","https://fyosamu.github.io/still-here/c/60.html","15","34","Cosmic scale: The weather is free.","Cosmic scale: The weather is free. Not money-free. Just: nobody charged you for the color of that sunset, and it still happened anyway. STILL HERE — a hundred and fifty reads, free, no account.","Cosmic scale | The weather is free | Not money-free. Just: nobody charged you for the color of that sunset, and it still happened… | STILL HERE · 150 free reads","1
00:00:00.400 --> 00:00:02.800
Cosmic scale: The weather is free.

2
00:00:02.920 --> 00:00:04.020
Not money-free.

3
00:00:04.140 --> 00:00:07.340
Just: nobody charged you for the color of

4
00:00:07.460 --> 00:00:08.560
that sunset,

5
00:00:08.680 --> 00:00:10.680
and it still happened anyway.

6
00:00:10.800 --> 00:00:14.000
STILL HERE — a hundred and fifty reads,

7
00:00:14.120 --> 00:00:15.320
free, no account.
","Cosmic scale: The weather is free.

Not money-free. Just: nobody charged you for the color of that sunset, and it still happened anyway.

STILL HERE — 150 short reads that put your life in perspective. Free, works offline, no account.
https://fyosamu.github.io/still-here/c/60.html

#gratitude #perspective #mindfulness #cosmos #appreciation #lifeisshort #growthmindset #STILLHERE #shorts","#gratitude #perspective #mindfulness #cosmos #appreciation #lifeisshort #growthmindset #STILLHERE #shorts"
"61","YOU GOT A SEAT","You have a tomorrow","https://fyosamu.github.io/still-here/c/61.html","17","40","A free reminder, no account needed: You have a tomorrow.","A free reminder, no account needed: You have a tomorrow. Not guaranteed, but scheduled. Most things that ever existed had no schedule at all, not even a rough one. STILL HERE — a hundred and fifty reads, free, no account.","A free reminder, no account needed | You have a tomorrow | Not guaranteed, but scheduled. Most things that ever existed had no schedule at all, not even a… | STILL HERE · 150 free reads","1
00:00:00.400 --> 00:00:01.600
A free reminder,

2
00:00:01.720 --> 00:00:04.520
no account needed: You have a tomorrow.

3
00:00:04.640 --> 00:00:06.240
Not guaranteed, but scheduled.

4
00:00:06.360 --> 00:00:09.160
Most things that ever existed had no

5
00:00:09.280 --> 00:00:12.480
schedule at all, not even a rough one.

6
00:00:12.600 --> 00:00:15.800
STILL HERE — a hundred and fifty reads,

7
00:00:15.920 --> 00:00:17.120
free, no account.
","A free reminder, no account needed: You have a tomorrow.

Not guaranteed, but scheduled. Most things that ever existed had no schedule at all, not even a rough one.

STILL HERE — 150 short reads that put your life in perspective. Free, works offline, no account.
https://fyosamu.github.io/still-here/c/61.html

#gratitude #perspective #mindfulness #cosmos #appreciation #lifeisshort #growthmindset #STILLHERE #shorts","#gratitude #perspective #mindfulness #cosmos #appreciation #lifeisshort #growthmindset #STILLHERE #shorts"
"62","YOU GOT A SEAT","You can change your mind","https://fyosamu.github.io/still-here/c/62.html","19","41","Read this before you complain: You can change your mind.","Read this before you complain: You can change your mind. Genuinely. A single cell can't. A rock can't. You can read one card and walk away different than you arrived. STILL HERE — a hundred and fifty reads, free, no account.","Read this before you complain | You can change your mind | Genuinely. A single cell can't. A rock can't. You can read one card and walk away different… | STILL HERE · 150 free reads","1
00:00:00.400 --> 00:00:02.400
Read this before you complain:

2
00:00:02.520 --> 00:00:04.520
You can change your mind.

3
00:00:04.640 --> 00:00:05.740
Genuinely.

4
00:00:05.860 --> 00:00:07.460
A single cell can't.

5
00:00:07.580 --> 00:00:08.780
A rock can't.

6
00:00:08.900 --> 00:00:12.100
You can read one card and walk away

7
00:00:12.220 --> 00:00:13.820
different than you arrived.

8
00:00:13.940 --> 00:00:17.140
STILL HERE — a hundred and fifty reads,

9
00:00:17.260 --> 00:00:18.460
free, no account.
","Read this before you complain: You can change your mind.

Genuinely. A single cell can't. A rock can't. You can read one card and walk away different than you arrived.

STILL HERE — 150 short reads that put your life in perspective. Free, works offline, no account.
https://fyosamu.github.io/still-here/c/62.html

#gratitude #perspective #mindfulness #cosmos #appreciation #lifeisshort #growthmindset #STILLHERE #shorts","#gratitude #perspective #mindfulness #cosmos #appreciation #lifeisshort #growthmindset #STILLHERE #shorts"
"63","YOU GOT A SEAT","Someone from 500 years ago would call you a god","https://fyosamu.github.io/still-here/c/63.html","23","53","The rarest thing in the cosmos, and you are holding it: Someone from 500 years ago would call you a god.","The rarest thing in the cosmos, and you are holding it: Someone from 500 years ago would call you a god. Running water, a light you switch on with your finger, food from three continents. You've been bored of miracles for years. STILL HERE — a hundred and fifty reads, free, no account.","The rarest thing in the cosmos, and you are holding it | Someone from 500 years ago would call you a god | Running water, a light you switch on with your finger, food from three continents. You've been… | STILL HERE · 150 free reads","1
00:00:00.400 --> 00:00:02.800
The rarest thing in the cosmos,

2
00:00:02.920 --> 00:00:04.920
and you are holding it:

3
00:00:05.040 --> 00:00:08.240
Someone from 500 years ago would call you

4
00:00:08.360 --> 00:00:09.960
a god. Running water,

5
00:00:10.080 --> 00:00:13.280
a light you switch on with your finger,

6
00:00:13.400 --> 00:00:15.000
food from three continents.

7
00:00:15.120 --> 00:00:17.920
You've been bored of miracles for years.

8
00:00:18.040 --> 00:00:21.240
STILL HERE — a hundred and fifty reads,

9
00:00:21.360 --> 00:00:22.560
free, no account.
","The rarest thing in the cosmos, and you are holding it: Someone from 500 years ago would call you a god.

Running water, a light you switch on with your finger, food from three continents. You've been bored of miracles for years.

STILL HERE — 150 short reads that put your life in perspective. Free, works offline, no account.
https://fyosamu.github.io/still-here/c/63.html

#gratitude #perspective #mindfulness #cosmos #appreciation #lifeisshort #growthmindset #STILLHERE #shorts","#gratitude #perspective #mindfulness #cosmos #appreciation #lifeisshort #growthmindset #STILLHERE #shorts"
"64","YOU GOT A SEAT","You're bored of miracles","https://fyosamu.github.io/still-here/c/64.html","16","36","Hold still for fifteen seconds: You're bored of miracles.","Hold still for fifteen seconds: You're bored of miracles. Let that land properly. You got handed the impossible and filed it under ""Tuesday, nothing special."" STILL HERE — a hundred and fifty reads, free, no account.","Hold still for fifteen seconds | You're bored of miracles | Let that land properly. You got handed the impossible and filed it under ""Tuesday, nothing… | STILL HERE · 150 free reads","1
00:00:00.400 --> 00:00:02.400
Hold still for fifteen seconds:

2
00:00:02.520 --> 00:00:04.120
You're bored of miracles.

3
00:00:04.240 --> 00:00:05.840
Let that land properly.

4
00:00:05.960 --> 00:00:09.160
You got handed the impossible and filed it

5
00:00:09.280 --> 00:00:10.380
under ""Tuesday,

6
00:00:10.500 --> 00:00:13.300
nothing special."" STILL HERE — a hundred

7
00:00:13.420 --> 00:00:15.820
and fifty reads, free, no account.
","Hold still for fifteen seconds: You're bored of miracles.

Let that land properly. You got handed the impossible and filed it under ""Tuesday, nothing special.""

STILL HERE — 150 short reads that put your life in perspective. Free, works offline, no account.
https://fyosamu.github.io/still-here/c/64.html

#gratitude #perspective #mindfulness #cosmos #appreciation #lifeisshort #growthmindset #STILLHERE #shorts","#gratitude #perspective #mindfulness #cosmos #appreciation #lifeisshort #growthmindset #STILLHERE #shorts"
"65","YOU GOT A SEAT","You can choose what to think about next","https://fyosamu.github.io/still-here/c/65.html","22","51","If you are watching this, read it twice: You can choose what to think about next.","If you are watching this, read it twice: You can choose what to think about next. That wasn't always on. For most of history, most people got one job and one set of rules and no say in the matter. STILL HERE — a hundred and fifty reads, free, no account.","If you are watching this, read it twice | You can choose what to think about next | That wasn't always on. For most of history, most people got one job and one set of rules and no… | STILL HERE · 150 free reads","1
00:00:00.400 --> 00:00:02.400
If you are watching this,

2
00:00:02.520 --> 00:00:03.720
read it twice:

3
00:00:03.840 --> 00:00:07.040
You can choose what to think about next.

4
00:00:07.160 --> 00:00:08.760
That wasn't always on.

5
00:00:08.880 --> 00:00:10.480
For most of history,

6
00:00:10.600 --> 00:00:14.200
most people got one job and one set of

7
00:00:14.320 --> 00:00:17.120
rules and no say in the matter.

8
00:00:17.240 --> 00:00:20.440
STILL HERE — a hundred and fifty reads,

9
00:00:20.560 --> 00:00:21.760
free, no account.
","If you are watching this, read it twice: You can choose what to think about next.

That wasn't always on. For most of history, most people got one job and one set of rules and no say in the matter.

STILL HERE — 150 short reads that put your life in perspective. Free, works offline, no account.
https://fyosamu.github.io/still-here/c/65.html

#gratitude #perspective #mindfulness #cosmos #appreciation #lifeisshort #growthmindset #STILLHERE #shorts","#gratitude #perspective #mindfulness #cosmos #appreciation #lifeisshort #growthmindset #STILLHERE #shorts"
"66","YOU GOT A SEAT","You're not starving while reading this","https://fyosamu.github.io/still-here/c/66.html","16","37","Perspective check. You're not starving while reading this.","Perspective check. You're not starving while reading this. If you are — eat first, come back. If you're not, that's one problem already solved today. Check. STILL HERE — a hundred and fifty reads, free, no account.","Perspective check | You're not starving while reading this | If you are — eat first, come back. If you're not, that's one problem already solved today.… | STILL HERE · 150 free reads","1
00:00:00.400 --> 00:00:01.500
Perspective check.

2
00:00:01.620 --> 00:00:04.020
You're not starving while reading this.

3
00:00:04.140 --> 00:00:07.340
If you are — eat first, come back.

4
00:00:07.460 --> 00:00:08.660
If you're not,

5
00:00:08.780 --> 00:00:11.180
that's one problem already solved today.

6
00:00:11.300 --> 00:00:14.500
Check. STILL HERE — a hundred and fifty

7
00:00:14.620 --> 00:00:16.220
reads, free, no account.
","Perspective check. You're not starving while reading this.

If you are — eat first, come back. If you're not, that's one problem already solved today. Check.

STILL HERE — 150 short reads that put your life in perspective. Free, works offline, no account.
https://fyosamu.github.io/still-here/c/66.html

#gratitude #perspective #mindfulness #cosmos #appreciation #lifeisshort #growthmindset #STILLHERE #shorts","#gratitude #perspective #mindfulness #cosmos #appreciation #lifeisshort #growthmindset #STILLHERE #shorts"
"67","YOU GOT A SEAT","You have access to every book ever written","https://fyosamu.github.io/still-here/c/67.html","18","41","You needed this today: You have access to every book ever written.","You needed this today: You have access to every book ever written. In your pocket, for free. And we mostly use it to watch a stranger fall off a chair. STILL HERE — a hundred and fifty reads, free, no account.","You needed this today | You have access to every book ever written | In your pocket, for free. And we mostly use it to watch a stranger fall off a chair. | STILL HERE · 150 free reads","1
00:00:00.400 --> 00:00:02.000
You needed this today:

2
00:00:02.120 --> 00:00:04.920
You have access to every book ever

3
00:00:05.040 --> 00:00:06.140
written.

4
00:00:06.260 --> 00:00:08.260
In your pocket, for free.

5
00:00:08.380 --> 00:00:11.980
And we mostly use it to watch a stranger

6
00:00:12.100 --> 00:00:13.700
fall off a chair.

7
00:00:13.820 --> 00:00:17.020
STILL HERE — a hundred and fifty reads,

8
00:00:17.140 --> 00:00:18.340
free, no account.
","You needed this today: You have access to every book ever written.

In your pocket, for free. And we mostly use it to watch a stranger fall off a chair.

STILL HERE — 150 short reads that put your life in perspective. Free, works offline, no account.
https://fyosamu.github.io/still-here/c/67.html

#gratitude #perspective #mindfulness #cosmos #appreciation #lifeisshort #growthmindset #STILLHERE #shorts","#gratitude #perspective #mindfulness #cosmos #appreciation #lifeisshort #growthmindset #STILLHERE #shorts"
"68","YOU GOT A SEAT","That's still your right","https://fyosamu.github.io/still-here/c/68.html","17","38","Cosmic scale: That's still your right.","Cosmic scale: That's still your right. Nobody has to earn the right to waste an afternoon. Sometimes wasting the afternoon is the entire point of the afternoon. STILL HERE — a hundred and fifty reads, free, no account.","Cosmic scale | That's still your right | Nobody has to earn the right to waste an afternoon. Sometimes wasting the afternoon is the… | STILL HERE · 150 free reads","1
00:00:00.400 --> 00:00:02.800
Cosmic scale: That's still your right.

2
00:00:02.920 --> 00:00:06.520
Nobody has to earn the right to waste an

3
00:00:06.640 --> 00:00:07.740
afternoon.

4
00:00:07.860 --> 00:00:10.260
Sometimes wasting the afternoon is the

5
00:00:10.380 --> 00:00:12.380
entire point of the afternoon.

6
00:00:12.500 --> 00:00:15.700
STILL HERE — a hundred and fifty reads,

7
00:00:15.820 --> 00:00:17.020
free, no account.
","Cosmic scale: That's still your right.

Nobody has to earn the right to waste an afternoon. Sometimes wasting the afternoon is the entire point of the afternoon.

STILL HERE — 150 short reads that put your life in perspective. Free, works offline, no account.
https://fyosamu.github.io/still-here/c/68.html

#gratitude #perspective #mindfulness #cosmos #appreciation #lifeisshort #growthmindset #STILLHERE #shorts","#gratitude #perspective #mindfulness #cosmos #appreciation #lifeisshort #growthmindset #STILLHERE #shorts"
"69","YOU GOT A SEAT","You can be kind on purpose","https://fyosamu.github.io/still-here/c/69.html","19","43","A free reminder, no account needed: You can be kind on purpose.","A free reminder, no account needed: You can be kind on purpose. Instinct gets you some of it. Doing it when it's inconvenient — that's the part no gene ever asked for. STILL HERE — a hundred and fifty reads, free, no account.","A free reminder, no account needed | You can be kind on purpose | Instinct gets you some of it. Doing it when it's inconvenient — that's the part no gene ever… | STILL HERE · 150 free reads","1
00:00:00.400 --> 00:00:01.600
A free reminder,

2
00:00:01.720 --> 00:00:02.920
no account needed:

3
00:00:03.040 --> 00:00:05.440
You can be kind on purpose.

4
00:00:05.560 --> 00:00:07.960
Instinct gets you some of it.

5
00:00:08.080 --> 00:00:10.880
Doing it when it's inconvenient — that's

6
00:00:11.000 --> 00:00:13.800
the part no gene ever asked for.

7
00:00:13.920 --> 00:00:17.120
STILL HERE — a hundred and fifty reads,

8
00:00:17.240 --> 00:00:18.440
free, no account.
","A free reminder, no account needed: You can be kind on purpose.

Instinct gets you some of it. Doing it when it's inconvenient — that's the part no gene ever asked for.

STILL HERE — 150 short reads that put your life in perspective. Free, works offline, no account.
https://fyosamu.github.io/still-here/c/69.html

#gratitude #perspective #mindfulness #cosmos #appreciation #lifeisshort #growthmindset #STILLHERE #shorts","#gratitude #perspective #mindfulness #cosmos #appreciation #lifeisshort #growthmindset #STILLHERE #shorts"
"70","YOU GOT A SEAT","You can forgive a gene","https://fyosamu.github.io/still-here/c/70.html","18","42","Read this before you complain: You can forgive a gene.","Read this before you complain: You can forgive a gene. Yours is running on very old code with a very short memory. Knowing that makes you the adult in the room. STILL HERE — a hundred and fifty reads, free, no account.","Read this before you complain | You can forgive a gene | Yours is running on very old code with a very short memory. Knowing that makes you the adult in… | STILL HERE · 150 free reads","1
00:00:00.400 --> 00:00:02.400
Read this before you complain:

2
00:00:02.520 --> 00:00:04.520
You can forgive a gene.

3
00:00:04.640 --> 00:00:08.240
Yours is running on very old code with a

4
00:00:08.360 --> 00:00:09.560
very short memory.

5
00:00:09.680 --> 00:00:12.880
Knowing that makes you the adult in the

6
00:00:13.000 --> 00:00:16.200
room. STILL HERE — a hundred and fifty

7
00:00:16.320 --> 00:00:17.920
reads, free, no account.
","Read this before you complain: You can forgive a gene.

Yours is running on very old code with a very short memory. Knowing that makes you the adult in the room.

STILL HERE — 150 short reads that put your life in perspective. Free, works offline, no account.
https://fyosamu.github.io/still-here/c/70.html

#gratitude #perspective #mindfulness #cosmos #appreciation #lifeisshort #growthmindset #STILLHERE #shorts","#gratitude #perspective #mindfulness #cosmos #appreciation #lifeisshort #growthmindset #STILLHERE #shorts"
"71","YOU GOT A SEAT","The people after you aren't born yet","https://fyosamu.github.io/still-here/c/71.html","21","49","The rarest thing in the cosmos, and you are holding it: The people after you aren't born yet.","The rarest thing in the cosmos, and you are holding it: The people after you aren't born yet. Someone in 2140 will exist because of something you do or don't do. You're not a passenger. You're the hinge. STILL HERE — a hundred and fifty reads, free, no account.","The rarest thing in the cosmos, and you are holding it | The people after you aren't born yet | Someone in 2140 will exist because of something you do or don't do. You're not a passenger.… | STILL HERE · 150 free reads","1
00:00:00.400 --> 00:00:02.800
The rarest thing in the cosmos,

2
00:00:02.920 --> 00:00:04.920
and you are holding it:

3
00:00:05.040 --> 00:00:07.840
The people after you aren't born yet.

4
00:00:07.960 --> 00:00:10.760
Someone in 2140 will exist because of

5
00:00:10.880 --> 00:00:13.280
something you do or don't do.

6
00:00:13.400 --> 00:00:15.000
You're not a passenger.

7
00:00:15.120 --> 00:00:16.320
You're the hinge.

8
00:00:16.440 --> 00:00:19.640
STILL HERE — a hundred and fifty reads,

9
00:00:19.760 --> 00:00:20.960
free, no account.
","The rarest thing in the cosmos, and you are holding it: The people after you aren't born yet.

Someone in 2140 will exist because of something you do or don't do. You're not a passenger. You're the hinge.

STILL HERE — 150 short reads that put your life in perspective. Free, works offline, no account.
https://fyosamu.github.io/still-here/c/71.html

#gratitude #perspective #mindfulness #cosmos #appreciation #lifeisshort #growthmindset #STILLHERE #shorts","#gratitude #perspective #mindfulness #cosmos #appreciation #lifeisshort #growthmindset #STILLHERE #shorts"
"72","YOU GOT A SEAT","Someone before you gave up something for you","https://fyosamu.github.io/still-here/c/72.html","20","46","Hold still for fifteen seconds: Someone before you gave up something for you.","Hold still for fifteen seconds: Someone before you gave up something for you. A name you'll never know stayed alive long enough for your line to continue. They get no credit. You are the credit. STILL HERE — a hundred and fifty reads, free, no account.","Hold still for fifteen seconds | Someone before you gave up something for you | A name you'll never know stayed alive long enough for your line to continue. They get no… | STILL HERE · 150 free reads","1
00:00:00.400 --> 00:00:02.400
Hold still for fifteen seconds:

2
00:00:02.520 --> 00:00:05.320
Someone before you gave up something for

3
00:00:05.440 --> 00:00:08.640
you. A name you'll never know stayed alive

4
00:00:08.760 --> 00:00:11.560
long enough for your line to continue.

5
00:00:11.680 --> 00:00:13.280
They get no credit.

6
00:00:13.400 --> 00:00:15.000
You are the credit.

7
00:00:15.120 --> 00:00:18.320
STILL HERE — a hundred and fifty reads,

8
00:00:18.440 --> 00:00:19.640
free, no account.
","Hold still for fifteen seconds: Someone before you gave up something for you.

A name you'll never know stayed alive long enough for your line to continue. They get no credit. You are the credit.

STILL HERE — 150 short reads that put your life in perspective. Free, works offline, no account.
https://fyosamu.github.io/still-here/c/72.html

#gratitude #perspective #mindfulness #cosmos #appreciation #lifeisshort #growthmindset #STILLHERE #shorts","#gratitude #perspective #mindfulness #cosmos #appreciation #lifeisshort #growthmindset #STILLHERE #shorts"
"73","YOU GOT A SEAT","It cost 13.8 billion years to get you here","https://fyosamu.github.io/still-here/c/73.html","17","40","If you are watching this, read it twice: It cost 13.8 billion years to get you here.","If you are watching this, read it twice: It cost 13.8 billion years to get you here. That's the bill on the table. Try not to undersell the product. STILL HERE — a hundred and fifty reads, free, no account.","If you are watching this, read it twice | It cost 13.8 billion years to get you here | That's the bill on the table. Try not to undersell the product. | STILL HERE · 150 free reads","1
00:00:00.400 --> 00:00:02.400
If you are watching this,

2
00:00:02.520 --> 00:00:03.720
read it twice:

3
00:00:03.840 --> 00:00:07.040
It cost 13.8 billion years to get you

4
00:00:07.160 --> 00:00:10.360
here. That's the bill on the table. Try

5
00:00:10.480 --> 00:00:12.480
not to undersell the product.

6
00:00:12.600 --> 00:00:15.800
STILL HERE — a hundred and fifty reads,

7
00:00:15.920 --> 00:00:17.120
free, no account.
","If you are watching this, read it twice: It cost 13.8 billion years to get you here.

That's the bill on the table. Try not to undersell the product.

STILL HERE — 150 short reads that put your life in perspective. Free, works offline, no account.
https://fyosamu.github.io/still-here/c/73.html

#gratitude #perspective #mindfulness #cosmos #appreciation #lifeisshort #growthmindset #STILLHERE #shorts","#gratitude #perspective #mindfulness #cosmos #appreciation #lifeisshort #growthmindset #STILLHERE #shorts"
"74","YOU GOT A SEAT","Nobody's handing out medals for existing","https://fyosamu.github.io/still-here/c/74.html","15","34","Perspective check. Nobody's handing out medals for existing.","Perspective check. Nobody's handing out medals for existing. Which is strange, because existing was genuinely the hard part. Everything after that is negotiable. STILL HERE — a hundred and fifty reads, free, no account.","Perspective check | Nobody's handing out medals for existing | Which is strange, because existing was genuinely the hard part. Everything after that is… | STILL HERE · 150 free reads","1
00:00:00.400 --> 00:00:01.500
Perspective check.

2
00:00:01.620 --> 00:00:04.020
Nobody's handing out medals for existing.

3
00:00:04.140 --> 00:00:05.340
Which is strange,

4
00:00:05.460 --> 00:00:07.860
because existing was genuinely the hard

5
00:00:07.980 --> 00:00:10.380
part. Everything after that is negotiable.

6
00:00:10.500 --> 00:00:13.700
STILL HERE — a hundred and fifty reads,

7
00:00:13.820 --> 00:00:15.020
free, no account.
","Perspective check. Nobody's handing out medals for existing.

Which is strange, because existing was genuinely the hard part. Everything after that is negotiable.

STILL HERE — 150 short reads that put your life in perspective. Free, works offline, no account.
https://fyosamu.github.io/still-here/c/74.html

#gratitude #perspective #mindfulness #cosmos #appreciation #lifeisshort #growthmindset #STILLHERE #shorts","#gratitude #perspective #mindfulness #cosmos #appreciation #lifeisshort #growthmindset #STILLHERE #shorts"
"75","YOU GOT A SEAT","So what are you doing with it?","https://fyosamu.github.io/still-here/c/75.html","18","42","You needed this today: So what are you doing with it?","You needed this today: So what are you doing with it? Not a demand. Just a real question. You've got the rarest thing in the cosmos and it's on a timer. STILL HERE — a hundred and fifty reads, free, no account.","You needed this today | So what are you doing with it? | Not a demand. Just a real question. You've got the rarest thing in the cosmos and it's on a… | STILL HERE · 150 free reads","1
00:00:00.400 --> 00:00:02.000
You needed this today:

2
00:00:02.120 --> 00:00:04.920
So what are you doing with it?

3
00:00:05.040 --> 00:00:06.240
Not a demand.

4
00:00:06.360 --> 00:00:07.960
Just a real question.

5
00:00:08.080 --> 00:00:11.280
You've got the rarest thing in the cosmos

6
00:00:11.400 --> 00:00:13.400
and it's on a timer.

7
00:00:13.520 --> 00:00:16.720
STILL HERE — a hundred and fifty reads,

8
00:00:16.840 --> 00:00:18.040
free, no account.
","You needed this today: So what are you doing with it?

Not a demand. Just a real question. You've got the rarest thing in the cosmos and it's on a timer.

STILL HERE — 150 short reads that put your life in perspective. Free, works offline, no account.
https://fyosamu.github.io/still-here/c/75.html

#gratitude #perspective #mindfulness #cosmos #appreciation #lifeisshort #growthmindset #STILLHERE #shorts","#gratitude #perspective #mindfulness #cosmos #appreciation #lifeisshort #growthmindset #STILLHERE #shorts"
"76","GLAD YOU'RE NOT THIS","The tapeworm","https://fyosamu.github.io/still-here/c/76.html","22","48","This exists. It is still winning: The tapeworm.","This exists. It is still winning: The tapeworm. No mouth. No stomach. No eyes. No brain. It lives in the dark inside another creature and absorbs whatever it's given. It's been doing this for 500 million years. STILL HERE — a hundred and fifty reads, free, no account.","This exists. It is still winning | The tapeworm | No mouth. No stomach. No eyes. No brain. It lives in the dark inside another creature and… | STILL HERE · 150 free reads","1
00:00:00.400 --> 00:00:01.500
This exists.

2
00:00:01.620 --> 00:00:04.020
It is still winning: The tapeworm.

3
00:00:04.140 --> 00:00:05.240
No mouth.

4
00:00:05.360 --> 00:00:06.460
No stomach.

5
00:00:06.580 --> 00:00:07.680
No eyes.

6
00:00:07.800 --> 00:00:08.900
No brain.

7
00:00:09.020 --> 00:00:11.820
It lives in the dark inside another

8
00:00:11.940 --> 00:00:14.340
creature and absorbs whatever it's given.

9
00:00:14.460 --> 00:00:17.260
It's been doing this for 500 million

10
00:00:17.380 --> 00:00:20.580
years. STILL HERE — a hundred and fifty

11
00:00:20.700 --> 00:00:22.300
reads, free, no account.
","This exists. It is still winning: The tapeworm.

No mouth. No stomach. No eyes. No brain. It lives in the dark inside another creature and absorbs whatever it's given. It's been doing this for 500 million years.

STILL HERE — 150 short reads that put your life in perspective. Free, works offline, no account.
https://fyosamu.github.io/still-here/c/76.html

#natureisweird #parasites #biologyfacts #animalscience #didyouknow #naturefacts #grossscience #STILLHERE #shorts","#natureisweird #parasites #biologyfacts #animalscience #didyouknow #naturefacts #grossscience #STILLHERE #shorts"
"77","GLAD YOU'RE NOT THIS","That's the bar","https://fyosamu.github.io/still-here/c/77.html","17","39","Fair warning, it gets worse: That's the bar.","Fair warning, it gets worse: That's the bar. Half a billion years of what we'd call ""success,"" and it has never once gotten to see anything at all. STILL HERE — a hundred and fifty reads, free, no account.","Fair warning, it gets worse | That's the bar | Half a billion years of what we'd call ""success,"" and it has never once gotten to see anything… | STILL HERE · 150 free reads","1
00:00:00.400 --> 00:00:01.500
Fair warning,

2
00:00:01.620 --> 00:00:04.020
it gets worse: That's the bar.

3
00:00:04.140 --> 00:00:07.340
Half a billion years of what we'd call

4
00:00:07.460 --> 00:00:10.660
""success,"" and it has never once gotten to

5
00:00:10.780 --> 00:00:12.380
see anything at all.

6
00:00:12.500 --> 00:00:15.700
STILL HERE — a hundred and fifty reads,

7
00:00:15.820 --> 00:00:17.020
free, no account.
","Fair warning, it gets worse: That's the bar.

Half a billion years of what we'd call ""success,"" and it has never once gotten to see anything at all.

STILL HERE — 150 short reads that put your life in perspective. Free, works offline, no account.
https://fyosamu.github.io/still-here/c/77.html

#natureisweird #parasites #biologyfacts #animalscience #didyouknow #naturefacts #grossscience #STILLHERE #shorts","#natureisweird #parasites #biologyfacts #animalscience #didyouknow #naturefacts #grossscience #STILLHERE #shorts"
"78","GLAD YOU'RE NOT THIS","It has no idea it exists","https://fyosamu.github.io/still-here/c/78.html","21","47","You will feel better in fifteen seconds: It has no idea it exists.","You will feel better in fifteen seconds: It has no idea it exists. And honestly, neither do you most days. The difference is that you get to notice that, which is somehow worse and way better. STILL HERE — a hundred and fifty reads, free, no account.","You will feel better in fifteen seconds | It has no idea it exists | And honestly, neither do you most days. The difference is that you get to notice that, which is… | STILL HERE · 150 free reads","1
00:00:00.400 --> 00:00:03.200
You will feel better in fifteen seconds:

2
00:00:03.320 --> 00:00:05.720
It has no idea it exists.

3
00:00:05.840 --> 00:00:08.640
And honestly, neither do you most days.

4
00:00:08.760 --> 00:00:11.960
The difference is that you get to notice

5
00:00:12.080 --> 00:00:14.880
that, which is somehow worse and way

6
00:00:15.000 --> 00:00:16.100
better.

7
00:00:16.220 --> 00:00:19.420
STILL HERE — a hundred and fifty reads,

8
00:00:19.540 --> 00:00:20.740
free, no account.
","You will feel better in fifteen seconds: It has no idea it exists.

And honestly, neither do you most days. The difference is that you get to notice that, which is somehow worse and way better.

STILL HERE — 150 short reads that put your life in perspective. Free, works offline, no account.
https://fyosamu.github.io/still-here/c/78.html

#natureisweird #parasites #biologyfacts #animalscience #didyouknow #naturefacts #grossscience #STILLHERE #shorts","#natureisweird #parasites #biologyfacts #animalscience #didyouknow #naturefacts #grossscience #STILLHERE #shorts"
"79","GLAD YOU'RE NOT THIS","Nobody wrote a poem about a tapeworm","https://fyosamu.github.io/still-here/c/79.html","18","39","No mouth, no brain, no complaints: Nobody wrote a poem about a tapeworm.","No mouth, no brain, no complaints: Nobody wrote a poem about a tapeworm. And it wouldn't matter if they did. There's no one in there to read it. STILL HERE — a hundred and fifty reads, free, no account.","No mouth, no brain, no complaints | Nobody wrote a poem about a tapeworm | And it wouldn't matter if they did. There's no one in there to read it. | STILL HERE · 150 free reads","1
00:00:00.400 --> 00:00:01.500
No mouth,

2
00:00:01.620 --> 00:00:02.720
no brain,

3
00:00:02.840 --> 00:00:03.940
no complaints:

4
00:00:04.060 --> 00:00:06.860
Nobody wrote a poem about a tapeworm.

5
00:00:06.980 --> 00:00:09.780
And it wouldn't matter if they did.

6
00:00:09.900 --> 00:00:13.100
There's no one in there to read it.

7
00:00:13.220 --> 00:00:16.420
STILL HERE — a hundred and fifty reads,

8
00:00:16.540 --> 00:00:17.740
free, no account.
","No mouth, no brain, no complaints: Nobody wrote a poem about a tapeworm.

And it wouldn't matter if they did. There's no one in there to read it.

STILL HERE — 150 short reads that put your life in perspective. Free, works offline, no account.
https://fyosamu.github.io/still-here/c/79.html

#natureisweird #parasites #biologyfacts #animalscience #didyouknow #naturefacts #grossscience #STILLHERE #shorts","#natureisweird #parasites #biologyfacts #animalscience #didyouknow #naturefacts #grossscience #STILLHERE #shorts"
"80","GLAD YOU'RE NOT THIS","Its whole life is someone else's lunch","https://fyosamu.github.io/still-here/c/80.html","21","50","The bar nobody wants to limbo under: Its whole life is someone else's lunch.","The bar nobody wants to limbo under: Its whole life is someone else's lunch. It never picked a meal, a room, a name. It just arrived inside a system and did the only thing it knows how to do. STILL HERE — a hundred and fifty reads, free, no account.","The bar nobody wants to limbo under | Its whole life is someone else's lunch | It never picked a meal, a room, a name. It just arrived inside a system and did the only thing… | STILL HERE · 150 free reads","1
00:00:00.400 --> 00:00:03.200
The bar nobody wants to limbo under:

2
00:00:03.320 --> 00:00:06.120
Its whole life is someone else's lunch.

3
00:00:06.240 --> 00:00:09.840
It never picked a meal, a room, a name.

4
00:00:09.960 --> 00:00:13.160
It just arrived inside a system and did

5
00:00:13.280 --> 00:00:16.480
the only thing it knows how to do.

6
00:00:16.600 --> 00:00:19.800
STILL HERE — a hundred and fifty reads,

7
00:00:19.920 --> 00:00:21.120
free, no account.
","The bar nobody wants to limbo under: Its whole life is someone else's lunch.

It never picked a meal, a room, a name. It just arrived inside a system and did the only thing it knows how to do.

STILL HERE — 150 short reads that put your life in perspective. Free, works offline, no account.
https://fyosamu.github.io/still-here/c/80.html

#natureisweird #parasites #biologyfacts #animalscience #didyouknow #naturefacts #grossscience #STILLHERE #shorts","#natureisweird #parasites #biologyfacts #animalscience #didyouknow #naturefacts #grossscience #STILLHERE #shorts"
"81","GLAD YOU'RE NOT THIS","Survival with zero enjoyment","https://fyosamu.github.io/still-here/c/81.html","18","40","The worst job in nature: Survival with zero enjoyment.","The worst job in nature: Survival with zero enjoyment. You say life is hard. A tapeworm couldn't understand the complaint, or the concept of ""better,"" or the word ""worse."" STILL HERE — a hundred and fifty reads, free, no account.","The worst job in nature | Survival with zero enjoyment | You say life is hard. A tapeworm couldn't understand the complaint, or the concept of ""better,""… | STILL HERE · 150 free reads","1
00:00:00.400 --> 00:00:02.400
The worst job in nature:

2
00:00:02.520 --> 00:00:04.120
Survival with zero enjoyment.

3
00:00:04.240 --> 00:00:06.240
You say life is hard.

4
00:00:06.360 --> 00:00:08.360
A tapeworm couldn't understand the

5
00:00:08.480 --> 00:00:09.580
complaint,

6
00:00:09.700 --> 00:00:12.900
or the concept of ""better,"" or the word

7
00:00:13.020 --> 00:00:16.220
""worse."" STILL HERE — a hundred and fifty

8
00:00:16.340 --> 00:00:17.940
reads, free, no account.
","The worst job in nature: Survival with zero enjoyment.

You say life is hard. A tapeworm couldn't understand the complaint, or the concept of ""better,"" or the word ""worse.""

STILL HERE — 150 short reads that put your life in perspective. Free, works offline, no account.
https://fyosamu.github.io/still-here/c/81.html

#natureisweird #parasites #biologyfacts #animalscience #didyouknow #naturefacts #grossscience #STILLHERE #shorts","#natureisweird #parasites #biologyfacts #animalscience #didyouknow #naturefacts #grossscience #STILLHERE #shorts"
"82","GLAD YOU'RE NOT THIS","And it's still winning","https://fyosamu.github.io/still-here/c/82.html","18","42","One specific animal, and no human wants its job: And it's still winning.","One specific animal, and no human wants its job: And it's still winning. It outlived the dinosaurs. It'll probably outlive us. Which should tell you that winning was never the point. STILL HERE — a hundred and fifty reads, free, no account.","One specific animal, and no human wants its job | And it's still winning | It outlived the dinosaurs. It'll probably outlive us. Which should tell you that winning was… | STILL HERE · 150 free reads","1
00:00:00.400 --> 00:00:01.600
One specific animal,

2
00:00:01.720 --> 00:00:04.120
and no human wants its job:

3
00:00:04.240 --> 00:00:05.840
And it's still winning.

4
00:00:05.960 --> 00:00:07.560
It outlived the dinosaurs.

5
00:00:07.680 --> 00:00:09.280
It'll probably outlive us.

6
00:00:09.400 --> 00:00:12.200
Which should tell you that winning was

7
00:00:12.320 --> 00:00:13.520
never the point.

8
00:00:13.640 --> 00:00:16.840
STILL HERE — a hundred and fifty reads,

9
00:00:16.960 --> 00:00:18.160
free, no account.
","One specific animal, and no human wants its job: And it's still winning.

It outlived the dinosaurs. It'll probably outlive us. Which should tell you that winning was never the point.

STILL HERE — 150 short reads that put your life in perspective. Free, works offline, no account.
https://fyosamu.github.io/still-here/c/82.html

#natureisweird #parasites #biologyfacts #animalscience #didyouknow #naturefacts #grossscience #STILLHERE #shorts","#natureisweird #parasites #biologyfacts #animalscience #didyouknow #naturefacts #grossscience #STILLHERE #shorts"
"83","GLAD YOU'RE NOT THIS","Now the parasitic wasp","https://fyosamu.github.io/still-here/c/83.html","19","42","Nature's worst gig: Now the parasitic wasp.","Nature's worst gig: Now the parasitic wasp. It stings a caterpillar, paralyzes it, lays eggs inside, and the eggs hatch and eat the host from the inside out. Alive. In order. STILL HERE — a hundred and fifty reads, free, no account.","Nature's worst gig | Now the parasitic wasp | It stings a caterpillar, paralyzes it, lays eggs inside, and the eggs hatch and eat the host… | STILL HERE · 150 free reads","1
00:00:00.400 --> 00:00:01.600
Nature's worst gig:

2
00:00:01.720 --> 00:00:03.320
Now the parasitic wasp.

3
00:00:03.440 --> 00:00:05.040
It stings a caterpillar,

4
00:00:05.160 --> 00:00:06.260
paralyzes it,

5
00:00:06.380 --> 00:00:07.580
lays eggs inside,

6
00:00:07.700 --> 00:00:11.300
and the eggs hatch and eat the host from

7
00:00:11.420 --> 00:00:12.620
the inside out.

8
00:00:12.740 --> 00:00:15.940
Alive. In order. STILL HERE — a hundred

9
00:00:16.060 --> 00:00:18.460
and fifty reads, free, no account.
","Nature's worst gig: Now the parasitic wasp.

It stings a caterpillar, paralyzes it, lays eggs inside, and the eggs hatch and eat the host from the inside out. Alive. In order.

STILL HERE — 150 short reads that put your life in perspective. Free, works offline, no account.
https://fyosamu.github.io/still-here/c/83.html

#natureisweird #parasites #biologyfacts #animalscience #didyouknow #naturefacts #grossscience #STILLHERE #shorts","#natureisweird #parasites #biologyfacts #animalscience #didyouknow #naturefacts #grossscience #STILLHERE #shorts"
"84","GLAD YOU'RE NOT THIS","That's a Tuesday for it","https://fyosamu.github.io/still-here/c/84.html","18","38","This exists. It is still winning: That's a Tuesday for it.","This exists. It is still winning: That's a Tuesday for it. No villain. No plan. Just a program running with the brightness turned all the way off. STILL HERE — a hundred and fifty reads, free, no account.","This exists. It is still winning | That's a Tuesday for it | No villain. No plan. Just a program running with the brightness turned all the way off. | STILL HERE · 150 free reads","1
00:00:00.400 --> 00:00:01.500
This exists.

2
00:00:01.620 --> 00:00:03.220
It is still winning:

3
00:00:03.340 --> 00:00:05.340
That's a Tuesday for it.

4
00:00:05.460 --> 00:00:06.560
No villain.

5
00:00:06.680 --> 00:00:07.780
No plan.

6
00:00:07.900 --> 00:00:10.700
Just a program running with the brightness

7
00:00:10.820 --> 00:00:12.820
turned all the way off.

8
00:00:12.940 --> 00:00:16.140
STILL HERE — a hundred and fifty reads,

9
00:00:16.260 --> 00:00:17.460
free, no account.
","This exists. It is still winning: That's a Tuesday for it.

No villain. No plan. Just a program running with the brightness turned all the way off.

STILL HERE — 150 short reads that put your life in perspective. Free, works offline, no account.
https://fyosamu.github.io/still-here/c/84.html

#natureisweird #parasites #biologyfacts #animalscience #didyouknow #naturefacts #grossscience #STILLHERE #shorts","#natureisweird #parasites #biologyfacts #animalscience #didyouknow #naturefacts #grossscience #STILLHERE #shorts"
"85","GLAD YOU'RE NOT THIS","The botfly larva","https://fyosamu.github.io/still-here/c/85.html","18","40","Fair warning, it gets worse: The botfly larva.","Fair warning, it gets worse: The botfly larva. Burrows into skin, eats its way around, comes out when it's finished. You'd be screaming the entire time. It wouldn't be. STILL HERE — a hundred and fifty reads, free, no account.","Fair warning, it gets worse | The botfly larva | Burrows into skin, eats its way around, comes out when it's finished. You'd be screaming the… | STILL HERE · 150 free reads","1
00:00:00.400 --> 00:00:01.500
Fair warning,

2
00:00:01.620 --> 00:00:04.020
it gets worse: The botfly larva.

3
00:00:04.140 --> 00:00:05.340
Burrows into skin,

4
00:00:05.460 --> 00:00:07.060
eats its way around,

5
00:00:07.180 --> 00:00:09.180
comes out when it's finished.

6
00:00:09.300 --> 00:00:11.700
You'd be screaming the entire time.

7
00:00:11.820 --> 00:00:13.020
It wouldn't be.

8
00:00:13.140 --> 00:00:16.340
STILL HERE — a hundred and fifty reads,

9
00:00:16.460 --> 00:00:17.660
free, no account.
","Fair warning, it gets worse: The botfly larva.

Burrows into skin, eats its way around, comes out when it's finished. You'd be screaming the entire time. It wouldn't be.

STILL HERE — 150 short reads that put your life in perspective. Free, works offline, no account.
https://fyosamu.github.io/still-here/c/85.html

#natureisweird #parasites #biologyfacts #animalscience #didyouknow #naturefacts #grossscience #STILLHERE #shorts","#natureisweird #parasites #biologyfacts #animalscience #didyouknow #naturefacts #grossscience #STILLHERE #shorts"
"86","GLAD YOU'RE NOT THIS","The male anglerfish","https://fyosamu.github.io/still-here/c/86.html","19","42","You will feel better in fifteen seconds: The male anglerfish.","You will feel better in fifteen seconds: The male anglerfish. He bites the female, fuses to her, dissolves, and becomes nothing but a pair of gonads. That's the entire career path. STILL HERE — a hundred and fifty reads, free, no account.","You will feel better in fifteen seconds | The male anglerfish | He bites the female, fuses to her, dissolves, and becomes nothing but a pair of gonads. That's… | STILL HERE · 150 free reads","1
00:00:00.400 --> 00:00:03.200
You will feel better in fifteen seconds:

2
00:00:03.320 --> 00:00:04.520
The male anglerfish.

3
00:00:04.640 --> 00:00:06.240
He bites the female,

4
00:00:06.360 --> 00:00:07.560
fuses to her,

5
00:00:07.680 --> 00:00:08.780
dissolves,

6
00:00:08.900 --> 00:00:12.100
and becomes nothing but a pair of gonads.

7
00:00:12.220 --> 00:00:14.220
That's the entire career path.

8
00:00:14.340 --> 00:00:17.540
STILL HERE — a hundred and fifty reads,

9
00:00:17.660 --> 00:00:18.860
free, no account.
","You will feel better in fifteen seconds: The male anglerfish.

He bites the female, fuses to her, dissolves, and becomes nothing but a pair of gonads. That's the entire career path.

STILL HERE — 150 short reads that put your life in perspective. Free, works offline, no account.
https://fyosamu.github.io/still-here/c/86.html

#natureisweird #parasites #biologyfacts #animalscience #didyouknow #naturefacts #grossscience #STILLHERE #shorts","#natureisweird #parasites #biologyfacts #animalscience #didyouknow #naturefacts #grossscience #STILLHERE #shorts"
"87","GLAD YOU'RE NOT THIS","Koala fingerprints","https://fyosamu.github.io/still-here/c/87.html","17","38","No mouth, no brain, no complaints: Koala fingerprints.","No mouth, no brain, no complaints: Koala fingerprints. Under a microscope they're indistinguishable from a human's. Evolution ran out of ideas and copied ours. Nobody asked permission. STILL HERE — a hundred and fifty reads, free, no account.","No mouth, no brain, no complaints | Koala fingerprints | Under a microscope they're indistinguishable from a human's. Evolution ran out of ideas and… | STILL HERE · 150 free reads","1
00:00:00.400 --> 00:00:01.500
No mouth,

2
00:00:01.620 --> 00:00:02.720
no brain,

3
00:00:02.840 --> 00:00:04.440
no complaints: Koala fingerprints.

4
00:00:04.560 --> 00:00:06.160
Under a microscope they're

5
00:00:06.280 --> 00:00:07.880
indistinguishable from a human's.

6
00:00:08.000 --> 00:00:10.800
Evolution ran out of ideas and copied

7
00:00:10.920 --> 00:00:13.320
ours. Nobody asked permission. STILL HERE

8
00:00:13.440 --> 00:00:15.840
— a hundred and fifty reads,

9
00:00:15.960 --> 00:00:17.160
free, no account.
","No mouth, no brain, no complaints: Koala fingerprints.

Under a microscope they're indistinguishable from a human's. Evolution ran out of ideas and copied ours. Nobody asked permission.

STILL HERE — 150 short reads that put your life in perspective. Free, works offline, no account.
https://fyosamu.github.io/still-here/c/87.html

#natureisweird #parasites #biologyfacts #animalscience #didyouknow #naturefacts #grossscience #STILLHERE #shorts","#natureisweird #parasites #biologyfacts #animalscience #didyouknow #naturefacts #grossscience #STILLHERE #shorts"
"88","GLAD YOU'RE NOT THIS","Your cat would eat you if you stopped moving","https://fyosamu.github.io/still-here/c/88.html","20","45","The bar nobody wants to limbo under: Your cat would eat you if you stopped moving.","The bar nobody wants to limbo under: Your cat would eat you if you stopped moving. Not out of malice. Its ""care"" setting simply doesn't cover you. You are not in the config file. STILL HERE — a hundred and fifty reads, free, no account.","The bar nobody wants to limbo under | Your cat would eat you if you stopped moving | Not out of malice. Its ""care"" setting simply doesn't cover you. You are not in the config file. | STILL HERE · 150 free reads","1
00:00:00.400 --> 00:00:03.200
The bar nobody wants to limbo under:

2
00:00:03.320 --> 00:00:06.520
Your cat would eat you if you stopped

3
00:00:06.640 --> 00:00:07.740
moving.

4
00:00:07.860 --> 00:00:09.460
Not out of malice.

5
00:00:09.580 --> 00:00:11.980
Its ""care"" setting simply doesn't cover

6
00:00:12.100 --> 00:00:15.700
you. You are not in the config file. STILL

7
00:00:15.820 --> 00:00:18.620
HERE — a hundred and fifty reads,

8
00:00:18.740 --> 00:00:19.940
free, no account.
","The bar nobody wants to limbo under: Your cat would eat you if you stopped moving.

Not out of malice. Its ""care"" setting simply doesn't cover you. You are not in the config file.

STILL HERE — 150 short reads that put your life in perspective. Free, works offline, no account.
https://fyosamu.github.io/still-here/c/88.html

#natureisweird #parasites #biologyfacts #animalscience #didyouknow #naturefacts #grossscience #STILLHERE #shorts","#natureisweird #parasites #biologyfacts #animalscience #didyouknow #naturefacts #grossscience #STILLHERE #shorts"
"89","GLAD YOU'RE NOT THIS","The point isn't ""it's worse out there""","https://fyosamu.github.io/still-here/c/89.html","19","44","The worst job in nature: The point isn't ""it's worse out there""","The worst job in nature: The point isn't ""it's worse out there"" The point is: you got the version with eyes, jokes, cold drinks, and the ability to be annoyed by all three. STILL HERE — a hundred and fifty reads, free, no account.","The worst job in nature | The point isn't ""it's worse out there"" | The point is: you got the version with eyes, jokes, cold drinks, and the ability to be annoyed… | STILL HERE · 150 free reads","1
00:00:00.400 --> 00:00:02.400
The worst job in nature:

2
00:00:02.520 --> 00:00:05.720
The point isn't ""it's worse out there"" The

3
00:00:05.840 --> 00:00:06.940
point is:

4
00:00:07.060 --> 00:00:09.460
you got the version with eyes,

5
00:00:09.580 --> 00:00:12.780
jokes, cold drinks, and the ability to be

6
00:00:12.900 --> 00:00:14.500
annoyed by all three.

7
00:00:14.620 --> 00:00:17.820
STILL HERE — a hundred and fifty reads,

8
00:00:17.940 --> 00:00:19.140
free, no account.
","The worst job in nature: The point isn't ""it's worse out there""

The point is: you got the version with eyes, jokes, cold drinks, and the ability to be annoyed by all three.

STILL HERE — 150 short reads that put your life in perspective. Free, works offline, no account.
https://fyosamu.github.io/still-here/c/89.html

#natureisweird #parasites #biologyfacts #animalscience #didyouknow #naturefacts #grossscience #STILLHERE #shorts","#natureisweird #parasites #biologyfacts #animalscience #didyouknow #naturefacts #grossscience #STILLHERE #shorts"
"90","GLAD YOU'RE NOT THIS","You can be sad. They can't even get that far.","https://fyosamu.github.io/still-here/c/90.html","21","50","One specific animal, and no human wants its job: You can be sad. They can't even get that far.","One specific animal, and no human wants its job: You can be sad. They can't even get that far. Sadness requires a self to be sad about. Most living things never make it as far as having a self. STILL HERE — a hundred and fifty reads, free, no account.","One specific animal, and no human wants its job | You can be sad. They can't even get that far. | Sadness requires a self to be sad about. Most living things never make it as far as having a… | STILL HERE · 150 free reads","1
00:00:00.400 --> 00:00:01.600
One specific animal,

2
00:00:01.720 --> 00:00:04.120
and no human wants its job:

3
00:00:04.240 --> 00:00:05.840
You can be sad.

4
00:00:05.960 --> 00:00:08.360
They can't even get that far.

5
00:00:08.480 --> 00:00:11.680
Sadness requires a self to be sad about.

6
00:00:11.800 --> 00:00:15.400
Most living things never make it as far as

7
00:00:15.520 --> 00:00:16.720
having a self.

8
00:00:16.840 --> 00:00:20.040
STILL HERE — a hundred and fifty reads,

9
00:00:20.160 --> 00:00:21.360
free, no account.
","One specific animal, and no human wants its job: You can be sad. They can't even get that far.

Sadness requires a self to be sad about. Most living things never make it as far as having a self.

STILL HERE — 150 short reads that put your life in perspective. Free, works offline, no account.
https://fyosamu.github.io/still-here/c/90.html

#natureisweird #parasites #biologyfacts #animalscience #didyouknow #naturefacts #grossscience #STILLHERE #shorts","#natureisweird #parasites #biologyfacts #animalscience #didyouknow #naturefacts #grossscience #STILLHERE #shorts"
"91","GLAD YOU'RE NOT THIS","Being miserable is an upgrade","https://fyosamu.github.io/still-here/c/91.html","17","39","Nature's worst gig: Being miserable is an upgrade.","Nature's worst gig: Being miserable is an upgrade. Read that again with a straight face. It means you have something to lose, which is not a small thing. STILL HERE — a hundred and fifty reads, free, no account.","Nature's worst gig | Being miserable is an upgrade | Read that again with a straight face. It means you have something to lose, which is not a small… | STILL HERE · 150 free reads","1
00:00:00.400 --> 00:00:01.600
Nature's worst gig:

2
00:00:01.720 --> 00:00:03.720
Being miserable is an upgrade.

3
00:00:03.840 --> 00:00:06.640
Read that again with a straight face.

4
00:00:06.760 --> 00:00:09.560
It means you have something to lose,

5
00:00:09.680 --> 00:00:12.080
which is not a small thing.

6
00:00:12.200 --> 00:00:15.400
STILL HERE — a hundred and fifty reads,

7
00:00:15.520 --> 00:00:16.720
free, no account.
","Nature's worst gig: Being miserable is an upgrade.

Read that again with a straight face. It means you have something to lose, which is not a small thing.

STILL HERE — 150 short reads that put your life in perspective. Free, works offline, no account.
https://fyosamu.github.io/still-here/c/91.html

#natureisweird #parasites #biologyfacts #animalscience #didyouknow #naturefacts #grossscience #STILLHERE #shorts","#natureisweird #parasites #biologyfacts #animalscience #didyouknow #naturefacts #grossscience #STILLHERE #shorts"
"92","GLAD YOU'RE NOT THIS","A rock isn't depressed","https://fyosamu.github.io/still-here/c/92.html","19","42","This exists. It is still winning: A rock isn't depressed.","This exists. It is still winning: A rock isn't depressed. It also isn't anything. The minimum entry fee for being anything at all is that you sometimes feel bad about it. STILL HERE — a hundred and fifty reads, free, no account.","This exists. It is still winning | A rock isn't depressed | It also isn't anything. The minimum entry fee for being anything at all is that you sometimes… | STILL HERE · 150 free reads","1
00:00:00.400 --> 00:00:01.500
This exists.

2
00:00:01.620 --> 00:00:03.220
It is still winning:

3
00:00:03.340 --> 00:00:04.940
A rock isn't depressed.

4
00:00:05.060 --> 00:00:06.660
It also isn't anything.

5
00:00:06.780 --> 00:00:09.580
The minimum entry fee for being anything

6
00:00:09.700 --> 00:00:12.900
at all is that you sometimes feel bad

7
00:00:13.020 --> 00:00:14.120
about it.

8
00:00:14.240 --> 00:00:17.440
STILL HERE — a hundred and fifty reads,

9
00:00:17.560 --> 00:00:18.760
free, no account.
","This exists. It is still winning: A rock isn't depressed.

It also isn't anything. The minimum entry fee for being anything at all is that you sometimes feel bad about it.

STILL HERE — 150 short reads that put your life in perspective. Free, works offline, no account.
https://fyosamu.github.io/still-here/c/92.html

#natureisweird #parasites #biologyfacts #animalscience #didyouknow #naturefacts #grossscience #STILLHERE #shorts","#natureisweird #parasites #biologyfacts #animalscience #didyouknow #naturefacts #grossscience #STILLHERE #shorts"
"93","GLAD YOU'RE NOT THIS","The tapeworm can't have a bad day","https://fyosamu.github.io/still-here/c/93.html","18","41","Fair warning, it gets worse: The tapeworm can't have a bad day.","Fair warning, it gets worse: The tapeworm can't have a bad day. It also can't have a good one. That's the trade it made by not bothering with a brain. STILL HERE — a hundred and fifty reads, free, no account.","Fair warning, it gets worse | The tapeworm can't have a bad day | It also can't have a good one. That's the trade it made by not bothering with a brain. | STILL HERE · 150 free reads","1
00:00:00.400 --> 00:00:01.500
Fair warning,

2
00:00:01.620 --> 00:00:02.820
it gets worse:

3
00:00:02.940 --> 00:00:05.740
The tapeworm can't have a bad day.

4
00:00:05.860 --> 00:00:08.660
It also can't have a good one.

5
00:00:08.780 --> 00:00:11.980
That's the trade it made by not bothering

6
00:00:12.100 --> 00:00:13.300
with a brain.

7
00:00:13.420 --> 00:00:16.620
STILL HERE — a hundred and fifty reads,

8
00:00:16.740 --> 00:00:17.940
free, no account.
","Fair warning, it gets worse: The tapeworm can't have a bad day.

It also can't have a good one. That's the trade it made by not bothering with a brain.

STILL HERE — 150 short reads that put your life in perspective. Free, works offline, no account.
https://fyosamu.github.io/still-here/c/93.html

#natureisweird #parasites #biologyfacts #animalscience #didyouknow #naturefacts #grossscience #STILLHERE #shorts","#natureisweird #parasites #biologyfacts #animalscience #didyouknow #naturefacts #grossscience #STILLHERE #shorts"
"94","GLAD YOU'RE NOT THIS","You get both","https://fyosamu.github.io/still-here/c/94.html","20","41","You will feel better in fifteen seconds: You get both.","You will feel better in fifteen seconds: You get both. Good day, bad day, weird day, day you refuse to describe to anyone. Both columns come with the same membership. STILL HERE — a hundred and fifty reads, free, no account.","You will feel better in fifteen seconds | You get both | Good day, bad day, weird day, day you refuse to describe to anyone. Both columns come with the… | STILL HERE · 150 free reads","1
00:00:00.400 --> 00:00:03.200
You will feel better in fifteen seconds:

2
00:00:03.320 --> 00:00:04.520
You get both.

3
00:00:04.640 --> 00:00:05.740
Good day,

4
00:00:05.860 --> 00:00:06.960
bad day,

5
00:00:07.080 --> 00:00:08.180
weird day,

6
00:00:08.300 --> 00:00:11.100
day you refuse to describe to anyone.

7
00:00:11.220 --> 00:00:13.620
Both columns come with the same

8
00:00:13.740 --> 00:00:14.840
membership.

9
00:00:14.960 --> 00:00:18.160
STILL HERE — a hundred and fifty reads,

10
00:00:18.280 --> 00:00:19.480
free, no account.
","You will feel better in fifteen seconds: You get both.

Good day, bad day, weird day, day you refuse to describe to anyone. Both columns come with the same membership.

STILL HERE — 150 short reads that put your life in perspective. Free, works offline, no account.
https://fyosamu.github.io/still-here/c/94.html

#natureisweird #parasites #biologyfacts #animalscience #didyouknow #naturefacts #grossscience #STILLHERE #shorts","#natureisweird #parasites #biologyfacts #animalscience #didyouknow #naturefacts #grossscience #STILLHERE #shorts"
"95","GLAD YOU'RE NOT THIS","Nobody has ever envied a jellyfish","https://fyosamu.github.io/still-here/c/95.html","20","42","No mouth, no brain, no complaints: Nobody has ever envied a jellyfish.","No mouth, no brain, no complaints: Nobody has ever envied a jellyfish. No brain, no heart, no blood. It drifts. It's extremely good at drifting. Still not what anyone's aiming for. STILL HERE — a hundred and fifty reads, free, no account.","No mouth, no brain, no complaints | Nobody has ever envied a jellyfish | No brain, no heart, no blood. It drifts. It's extremely good at drifting. Still not what… | STILL HERE · 150 free reads","1
00:00:00.400 --> 00:00:01.500
No mouth,

2
00:00:01.620 --> 00:00:02.720
no brain,

3
00:00:02.840 --> 00:00:03.940
no complaints:

4
00:00:04.060 --> 00:00:06.460
Nobody has ever envied a jellyfish.

5
00:00:06.580 --> 00:00:08.980
No brain, no heart, no blood.

6
00:00:09.100 --> 00:00:10.200
It drifts.

7
00:00:10.320 --> 00:00:12.320
It's extremely good at drifting.

8
00:00:12.440 --> 00:00:14.840
Still not what anyone's aiming for.

9
00:00:14.960 --> 00:00:18.160
STILL HERE — a hundred and fifty reads,

10
00:00:18.280 --> 00:00:19.480
free, no account.
","No mouth, no brain, no complaints: Nobody has ever envied a jellyfish.

No brain, no heart, no blood. It drifts. It's extremely good at drifting. Still not what anyone's aiming for.

STILL HERE — 150 short reads that put your life in perspective. Free, works offline, no account.
https://fyosamu.github.io/still-here/c/95.html

#natureisweird #parasites #biologyfacts #animalscience #didyouknow #naturefacts #grossscience #STILLHERE #shorts","#natureisweird #parasites #biologyfacts #animalscience #didyouknow #naturefacts #grossscience #STILLHERE #shorts"
"96","GLAD YOU'RE NOT THIS","Consider the sponge","https://fyosamu.github.io/still-here/c/96.html","18","42","The bar nobody wants to limbo under: Consider the sponge.","The bar nobody wants to limbo under: Consider the sponge. It doesn't eat, think, move, or notice anything. It's been at this for 600 million years. Not one person is jealous. STILL HERE — a hundred and fifty reads, free, no account.","The bar nobody wants to limbo under | Consider the sponge | It doesn't eat, think, move, or notice anything. It's been at this for 600 million years. Not… | STILL HERE · 150 free reads","1
00:00:00.400 --> 00:00:03.200
The bar nobody wants to limbo under:

2
00:00:03.320 --> 00:00:04.520
Consider the sponge.

3
00:00:04.640 --> 00:00:05.840
It doesn't eat,

4
00:00:05.960 --> 00:00:07.960
think, move, or notice anything.

5
00:00:08.080 --> 00:00:11.280
It's been at this for 600 million years.

6
00:00:11.400 --> 00:00:13.400
Not one person is jealous.

7
00:00:13.520 --> 00:00:16.720
STILL HERE — a hundred and fifty reads,

8
00:00:16.840 --> 00:00:18.040
free, no account.
","The bar nobody wants to limbo under: Consider the sponge.

It doesn't eat, think, move, or notice anything. It's been at this for 600 million years. Not one person is jealous.

STILL HERE — 150 short reads that put your life in perspective. Free, works offline, no account.
https://fyosamu.github.io/still-here/c/96.html

#natureisweird #parasites #biologyfacts #animalscience #didyouknow #naturefacts #grossscience #STILLHERE #shorts","#natureisweird #parasites #biologyfacts #animalscience #didyouknow #naturefacts #grossscience #STILLHERE #shorts"
"97","GLAD YOU'RE NOT THIS","Glad you're not that?","https://fyosamu.github.io/still-here/c/97.html","17","39","The worst job in nature: Glad you're not that?","The worst job in nature: Glad you're not that? Then you already answered what you'd rather be instead. Hold onto that answer, it's more useful than it looks. STILL HERE — a hundred and fifty reads, free, no account.","The worst job in nature | Glad you're not that? | Then you already answered what you'd rather be instead. Hold onto that answer, it's more useful… | STILL HERE · 150 free reads","1
00:00:00.400 --> 00:00:02.400
The worst job in nature:

2
00:00:02.520 --> 00:00:04.120
Glad you're not that?

3
00:00:04.240 --> 00:00:06.640
Then you already answered what you'd

4
00:00:06.760 --> 00:00:07.960
rather be instead.

5
00:00:08.080 --> 00:00:09.680
Hold onto that answer,

6
00:00:09.800 --> 00:00:12.200
it's more useful than it looks.

7
00:00:12.320 --> 00:00:15.520
STILL HERE — a hundred and fifty reads,

8
00:00:15.640 --> 00:00:16.840
free, no account.
","The worst job in nature: Glad you're not that?

Then you already answered what you'd rather be instead. Hold onto that answer, it's more useful than it looks.

STILL HERE — 150 short reads that put your life in perspective. Free, works offline, no account.
https://fyosamu.github.io/still-here/c/97.html

#natureisweird #parasites #biologyfacts #animalscience #didyouknow #naturefacts #grossscience #STILLHERE #shorts","#natureisweird #parasites #biologyfacts #animalscience #didyouknow #naturefacts #grossscience #STILLHERE #shorts"
"98","GLAD YOU'RE NOT THIS","Every alternative on the table is worse","https://fyosamu.github.io/still-here/c/98.html","19","44","One specific animal, and no human wants its job: Every alternative on the table is worse.","One specific animal, and no human wants its job: Every alternative on the table is worse. That's not a reason to be smug. It's a reason to stop renegotiating with your own life. STILL HERE — a hundred and fifty reads, free, no account.","One specific animal, and no human wants its job | Every alternative on the table is worse | That's not a reason to be smug. It's a reason to stop renegotiating with your own life. | STILL HERE · 150 free reads","1
00:00:00.400 --> 00:00:01.600
One specific animal,

2
00:00:01.720 --> 00:00:04.120
and no human wants its job:

3
00:00:04.240 --> 00:00:07.040
Every alternative on the table is worse.

4
00:00:07.160 --> 00:00:09.960
That's not a reason to be smug.

5
00:00:10.080 --> 00:00:12.880
It's a reason to stop renegotiating with

6
00:00:13.000 --> 00:00:14.200
your own life.

7
00:00:14.320 --> 00:00:17.520
STILL HERE — a hundred and fifty reads,

8
00:00:17.640 --> 00:00:18.840
free, no account.
","One specific animal, and no human wants its job: Every alternative on the table is worse.

That's not a reason to be smug. It's a reason to stop renegotiating with your own life.

STILL HERE — 150 short reads that put your life in perspective. Free, works offline, no account.
https://fyosamu.github.io/still-here/c/98.html

#natureisweird #parasites #biologyfacts #animalscience #didyouknow #naturefacts #grossscience #STILLHERE #shorts","#natureisweird #parasites #biologyfacts #animalscience #didyouknow #naturefacts #grossscience #STILLHERE #shorts"
"99","GLAD YOU'RE NOT THIS","You drew the only hand that can complain about the hand","https://fyosamu.github.io/still-here/c/99.html","17","40","Nature's worst gig: You drew the only hand that can complain about the hand.","Nature's worst gig: You drew the only hand that can complain about the hand. Which is either the universe's best joke or its entire point, and nobody's confirming which. STILL HERE — a hundred and fifty reads, free, no account.","Nature's worst gig | You drew the only hand that can complain about the hand | Which is either the universe's best joke or its entire point, and nobody's confirming which. | STILL HERE · 150 free reads","1
00:00:00.400 --> 00:00:01.600
Nature's worst gig:

2
00:00:01.720 --> 00:00:04.920
You drew the only hand that can complain

3
00:00:05.040 --> 00:00:06.240
about the hand.

4
00:00:06.360 --> 00:00:09.160
Which is either the universe's best joke

5
00:00:09.280 --> 00:00:10.880
or its entire point,

6
00:00:11.000 --> 00:00:12.600
and nobody's confirming which.

7
00:00:12.720 --> 00:00:15.920
STILL HERE — a hundred and fifty reads,

8
00:00:16.040 --> 00:00:17.240
free, no account.
","Nature's worst gig: You drew the only hand that can complain about the hand.

Which is either the universe's best joke or its entire point, and nobody's confirming which.

STILL HERE — 150 short reads that put your life in perspective. Free, works offline, no account.
https://fyosamu.github.io/still-here/c/99.html

#natureisweird #parasites #biologyfacts #animalscience #didyouknow #naturefacts #grossscience #STILLHERE #shorts","#natureisweird #parasites #biologyfacts #animalscience #didyouknow #naturefacts #grossscience #STILLHERE #shorts"
"100","GLAD YOU'RE NOT THIS","So no, you don't want to be a tapeworm","https://fyosamu.github.io/still-here/c/100.html","17","38","This exists. It is still winning: So no, you don't want to be a tapeworm.","This exists. It is still winning: So no, you don't want to be a tapeworm. Good. Now go act like somebody who knows exactly what they dodged. STILL HERE — a hundred and fifty reads, free, no account.","This exists. It is still winning | So no, you don't want to be a tapeworm | Good. Now go act like somebody who knows exactly what they dodged. | STILL HERE · 150 free reads","1
00:00:00.400 --> 00:00:01.500
This exists.

2
00:00:01.620 --> 00:00:03.220
It is still winning:

3
00:00:03.340 --> 00:00:06.940
So no, you don't want to be a tapeworm.

4
00:00:07.060 --> 00:00:10.260
Good. Now go act like somebody who knows

5
00:00:10.380 --> 00:00:11.980
exactly what they dodged.

6
00:00:12.100 --> 00:00:15.300
STILL HERE — a hundred and fifty reads,

7
00:00:15.420 --> 00:00:16.620
free, no account.
","This exists. It is still winning: So no, you don't want to be a tapeworm.

Good. Now go act like somebody who knows exactly what they dodged.

STILL HERE — 150 short reads that put your life in perspective. Free, works offline, no account.
https://fyosamu.github.io/still-here/c/100.html

#natureisweird #parasites #biologyfacts #animalscience #didyouknow #naturefacts #grossscience #STILLHERE #shorts","#natureisweird #parasites #biologyfacts #animalscience #didyouknow #naturefacts #grossscience #STILLHERE #shorts"
"101","NOW GO","The gene doesn't care how you feel","https://fyosamu.github.io/still-here/c/101.html","15","33","Your mood is weather. The gene doesn't care how you feel.","Your mood is weather. The gene doesn't care how you feel. Good news. Neither should you, about the excuses you've been rehearsing. STILL HERE — a hundred and fifty reads, free, no account.","Your mood is weather | The gene doesn't care how you feel | Good news. Neither should you, about the excuses you've been rehearsing. | STILL HERE · 150 free reads","1
00:00:00.400 --> 00:00:02.000
Your mood is weather.

2
00:00:02.120 --> 00:00:04.920
The gene doesn't care how you feel.

3
00:00:05.040 --> 00:00:06.140
Good news.

4
00:00:06.260 --> 00:00:07.460
Neither should you,

5
00:00:07.580 --> 00:00:09.980
about the excuses you've been rehearsing.

6
00:00:10.100 --> 00:00:13.300
STILL HERE — a hundred and fifty reads,

7
00:00:13.420 --> 00:00:14.620
free, no account.
","Your mood is weather. The gene doesn't care how you feel.

Good news. Neither should you, about the excuses you've been rehearsing.

STILL HERE — 150 short reads that put your life in perspective. Free, works offline, no account.
https://fyosamu.github.io/still-here/c/101.html

#motivation #discipline #productivity #selfimprovement #habits #goals #goalsetting #STILLHERE #shorts","#motivation #discipline #productivity #selfimprovement #habits #goals #goalsetting #STILLHERE #shorts"
"102","NOW GO","Motivation is a guest, not a tenant","https://fyosamu.github.io/still-here/c/102.html","18","42","You already know this. Do it anyway: Motivation is a guest, not a tenant.","You already know this. Do it anyway: Motivation is a guest, not a tenant. It'll visit sometimes. Don't hand it the lease. Do the work while it's out of the house. STILL HERE — a hundred and fifty reads, free, no account.","You already know this. Do it anyway | Motivation is a guest, not a tenant | It'll visit sometimes. Don't hand it the lease. Do the work while it's out of the house. | STILL HERE · 150 free reads","1
00:00:00.400 --> 00:00:02.000
You already know this.

2
00:00:02.120 --> 00:00:03.320
Do it anyway:

3
00:00:03.440 --> 00:00:06.240
Motivation is a guest, not a tenant.

4
00:00:06.360 --> 00:00:07.560
It'll visit sometimes.

5
00:00:07.680 --> 00:00:09.680
Don't hand it the lease.

6
00:00:09.800 --> 00:00:13.400
Do the work while it's out of the house.

7
00:00:13.520 --> 00:00:16.720
STILL HERE — a hundred and fifty reads,

8
00:00:16.840 --> 00:00:18.040
free, no account.
","You already know this. Do it anyway: Motivation is a guest, not a tenant.

It'll visit sometimes. Don't hand it the lease. Do the work while it's out of the house.

STILL HERE — 150 short reads that put your life in perspective. Free, works offline, no account.
https://fyosamu.github.io/still-here/c/102.html

#motivation #discipline #productivity #selfimprovement #habits #goals #goalsetting #STILLHERE #shorts","#motivation #discipline #productivity #selfimprovement #habits #goals #goalsetting #STILLHERE #shorts"
"103","NOW GO","Start embarrassingly small","https://fyosamu.github.io/still-here/c/103.html","17","36","No inspiration required: Start embarrassingly small.","No inspiration required: Start embarrassingly small. Two minutes. One sentence. One push-up. The bar has to be low enough that arguing with it looks stupid. STILL HERE — a hundred and fifty reads, free, no account.","No inspiration required | Start embarrassingly small | Two minutes. One sentence. One push-up. The bar has to be low enough that arguing with it looks… | STILL HERE · 150 free reads","1
00:00:00.400 --> 00:00:01.600
No inspiration required:

2
00:00:01.720 --> 00:00:02.920
Start embarrassingly small.

3
00:00:03.040 --> 00:00:04.140
Two minutes.

4
00:00:04.260 --> 00:00:05.360
One sentence.

5
00:00:05.480 --> 00:00:06.580
One push-up.

6
00:00:06.700 --> 00:00:10.300
The bar has to be low enough that arguing

7
00:00:10.420 --> 00:00:12.020
with it looks stupid.

8
00:00:12.140 --> 00:00:15.340
STILL HERE — a hundred and fifty reads,

9
00:00:15.460 --> 00:00:16.660
free, no account.
","No inspiration required: Start embarrassingly small.

Two minutes. One sentence. One push-up. The bar has to be low enough that arguing with it looks stupid.

STILL HERE — 150 short reads that put your life in perspective. Free, works offline, no account.
https://fyosamu.github.io/still-here/c/103.html

#motivation #discipline #productivity #selfimprovement #habits #goals #goalsetting #STILLHERE #shorts","#motivation #discipline #productivity #selfimprovement #habits #goals #goalsetting #STILLHERE #shorts"
"104","NOW GO","Nobody's coming","https://fyosamu.github.io/still-here/c/104.html","17","39","Today's only assignment: Nobody's coming.","Today's only assignment: Nobody's coming. Not a mentor, not a moment, not a sign from the universe. The only sign you're getting is the one you build yourself. STILL HERE — a hundred and fifty reads, free, no account.","Today's only assignment | Nobody's coming | Not a mentor, not a moment, not a sign from the universe. The only sign you're getting is the… | STILL HERE · 150 free reads","1
00:00:00.400 --> 00:00:02.400
Today's only assignment: Nobody's coming.

2
00:00:02.520 --> 00:00:03.720
Not a mentor,

3
00:00:03.840 --> 00:00:05.040
not a moment,

4
00:00:05.160 --> 00:00:07.560
not a sign from the universe.

5
00:00:07.680 --> 00:00:10.880
The only sign you're getting is the one

6
00:00:11.000 --> 00:00:12.200
you build yourself.

7
00:00:12.320 --> 00:00:15.520
STILL HERE — a hundred and fifty reads,

8
00:00:15.640 --> 00:00:16.840
free, no account.
","Today's only assignment: Nobody's coming.

Not a mentor, not a moment, not a sign from the universe. The only sign you're getting is the one you build yourself.

STILL HERE — 150 short reads that put your life in perspective. Free, works offline, no account.
https://fyosamu.github.io/still-here/c/104.html

#motivation #discipline #productivity #selfimprovement #habits #goals #goalsetting #STILLHERE #shorts","#motivation #discipline #productivity #selfimprovement #habits #goals #goalsetting #STILLHERE #shorts"
"105","NOW GO","The discomfort is the whole product","https://fyosamu.github.io/still-here/c/105.html","18","43","Motivation is a guest. Here is the rule: The discomfort is the whole product.","Motivation is a guest. Here is the rule: The discomfort is the whole product. Everything you want is sitting on the other side of something you don't want to do. Every time. STILL HERE — a hundred and fifty reads, free, no account.","Motivation is a guest. Here is the rule | The discomfort is the whole product | Everything you want is sitting on the other side of something you don't want to do. Every time. | STILL HERE · 150 free reads","1
00:00:00.400 --> 00:00:02.000
Motivation is a guest.

2
00:00:02.120 --> 00:00:03.720
Here is the rule:

3
00:00:03.840 --> 00:00:06.240
The discomfort is the whole product.

4
00:00:06.360 --> 00:00:09.160
Everything you want is sitting on the

5
00:00:09.280 --> 00:00:12.480
other side of something you don't want to

6
00:00:12.600 --> 00:00:16.200
do. Every time. STILL HERE — a hundred and

7
00:00:16.320 --> 00:00:18.320
fifty reads, free, no account.
","Motivation is a guest. Here is the rule: The discomfort is the whole product.

Everything you want is sitting on the other side of something you don't want to do. Every time.

STILL HERE — 150 short reads that put your life in perspective. Free, works offline, no account.
https://fyosamu.github.io/still-here/c/105.html

#motivation #discipline #productivity #selfimprovement #habits #goals #goalsetting #STILLHERE #shorts","#motivation #discipline #productivity #selfimprovement #habits #goals #goalsetting #STILLHERE #shorts"
"106","NOW GO","You're allowed to be bad at it","https://fyosamu.github.io/still-here/c/106.html","20","44","Read this, then go do one thing: You're allowed to be bad at it.","Read this, then go do one thing: You're allowed to be bad at it. For a while. Being bad at something is just the entry fee, and everybody pays it in full, upfront. STILL HERE — a hundred and fifty reads, free, no account.","Read this, then go do one thing | You're allowed to be bad at it | For a while. Being bad at something is just the entry fee, and everybody pays it in full… | STILL HERE · 150 free reads","1
00:00:00.400 --> 00:00:01.500
Read this,

2
00:00:01.620 --> 00:00:03.620
then go do one thing:

3
00:00:03.740 --> 00:00:06.540
You're allowed to be bad at it.

4
00:00:06.660 --> 00:00:07.860
For a while.

5
00:00:07.980 --> 00:00:11.180
Being bad at something is just the entry

6
00:00:11.300 --> 00:00:14.100
fee, and everybody pays it in full,

7
00:00:14.220 --> 00:00:15.320
upfront.

8
00:00:15.440 --> 00:00:18.640
STILL HERE — a hundred and fifty reads,

9
00:00:18.760 --> 00:00:19.960
free, no account.
","Read this, then go do one thing: You're allowed to be bad at it.

For a while. Being bad at something is just the entry fee, and everybody pays it in full, upfront.

STILL HERE — 150 short reads that put your life in perspective. Free, works offline, no account.
https://fyosamu.github.io/still-here/c/106.html

#motivation #discipline #productivity #selfimprovement #habits #goals #goalsetting #STILLHERE #shorts","#motivation #discipline #productivity #selfimprovement #habits #goals #goalsetting #STILLHERE #shorts"
"107","NOW GO","Discipline beats feelings","https://fyosamu.github.io/still-here/c/107.html","16","36","No pep talk, just the instruction: Discipline beats feelings.","No pep talk, just the instruction: Discipline beats feelings. Feelings change four times before lunch. Discipline is just feelings that agreed to show up anyway. STILL HERE — a hundred and fifty reads, free, no account.","No pep talk, just the instruction | Discipline beats feelings | Feelings change four times before lunch. Discipline is just feelings that agreed to show up… | STILL HERE · 150 free reads","1
00:00:00.400 --> 00:00:01.600
No pep talk,

2
00:00:01.720 --> 00:00:02.920
just the instruction:

3
00:00:03.040 --> 00:00:04.240
Discipline beats feelings.

4
00:00:04.360 --> 00:00:06.760
Feelings change four times before lunch.

5
00:00:06.880 --> 00:00:09.680
Discipline is just feelings that agreed to

6
00:00:09.800 --> 00:00:11.000
show up anyway.

7
00:00:11.120 --> 00:00:14.320
STILL HERE — a hundred and fifty reads,

8
00:00:14.440 --> 00:00:15.640
free, no account.
","No pep talk, just the instruction: Discipline beats feelings.

Feelings change four times before lunch. Discipline is just feelings that agreed to show up anyway.

STILL HERE — 150 short reads that put your life in perspective. Free, works offline, no account.
https://fyosamu.github.io/still-here/c/107.html

#motivation #discipline #productivity #selfimprovement #habits #goals #goalsetting #STILLHERE #shorts","#motivation #discipline #productivity #selfimprovement #habits #goals #goalsetting #STILLHERE #shorts"
"108","NOW GO","Your ancestors survived worse with less","https://fyosamu.github.io/still-here/c/108.html","17","39","The part where you actually do something: Your ancestors survived worse with less.","The part where you actually do something: Your ancestors survived worse with less. A famine, a war, a winter with no heater. Your excuse is a push notification. STILL HERE — a hundred and fifty reads, free, no account.","The part where you actually do something | Your ancestors survived worse with less | A famine, a war, a winter with no heater. Your excuse is a push notification. | STILL HERE · 150 free reads","1
00:00:00.400 --> 00:00:03.200
The part where you actually do something:

2
00:00:03.320 --> 00:00:05.720
Your ancestors survived worse with less.

3
00:00:05.840 --> 00:00:09.440
A famine, a war, a winter with no heater.

4
00:00:09.560 --> 00:00:11.960
Your excuse is a push notification.

5
00:00:12.080 --> 00:00:15.280
STILL HERE — a hundred and fifty reads,

6
00:00:15.400 --> 00:00:16.600
free, no account.
","The part where you actually do something: Your ancestors survived worse with less.

A famine, a war, a winter with no heater. Your excuse is a push notification.

STILL HERE — 150 short reads that put your life in perspective. Free, works offline, no account.
https://fyosamu.github.io/still-here/c/108.html

#motivation #discipline #productivity #selfimprovement #habits #goals #goalsetting #STILLHERE #shorts","#motivation #discipline #productivity #selfimprovement #habits #goals #goalsetting #STILLHERE #shorts"
"109","NOW GO","Comparison is a rigged game","https://fyosamu.github.io/still-here/c/109.html","16","37","Your mood is weather. Comparison is a rigged game.","Your mood is weather. Comparison is a rigged game. You're putting your chapter two next to their chapter twenty, using their highlight reel as the ruler. STILL HERE — a hundred and fifty reads, free, no account.","Your mood is weather | Comparison is a rigged game | You're putting your chapter two next to their chapter twenty, using their highlight reel as the… | STILL HERE · 150 free reads","1
00:00:00.400 --> 00:00:02.000
Your mood is weather.

2
00:00:02.120 --> 00:00:04.120
Comparison is a rigged game.

3
00:00:04.240 --> 00:00:07.040
You're putting your chapter two next to

4
00:00:07.160 --> 00:00:08.360
their chapter twenty,

5
00:00:08.480 --> 00:00:11.280
using their highlight reel as the ruler.

6
00:00:11.400 --> 00:00:14.600
STILL HERE — a hundred and fifty reads,

7
00:00:14.720 --> 00:00:15.920
free, no account.
","Your mood is weather. Comparison is a rigged game.

You're putting your chapter two next to their chapter twenty, using their highlight reel as the ruler.

STILL HERE — 150 short reads that put your life in perspective. Free, works offline, no account.
https://fyosamu.github.io/still-here/c/109.html

#motivation #discipline #productivity #selfimprovement #habits #goals #goalsetting #STILLHERE #shorts","#motivation #discipline #productivity #selfimprovement #habits #goals #goalsetting #STILLHERE #shorts"
"110","NOW GO","Stop negotiating with 6 a.m.","https://fyosamu.github.io/still-here/c/110.html","18","40","You already know this. Do it anyway: Stop negotiating with 6 a.m.","You already know this. Do it anyway: Stop negotiating with 6 a.m. Decide the night before. The morning version of you is not to be trusted with anything important. STILL HERE — a hundred and fifty reads, free, no account.","You already know this. Do it anyway | Stop negotiating with 6 a.m. | Decide the night before. The morning version of you is not to be trusted with anything… | STILL HERE · 150 free reads","1
00:00:00.400 --> 00:00:02.000
You already know this.

2
00:00:02.120 --> 00:00:03.320
Do it anyway:

3
00:00:03.440 --> 00:00:06.240
Stop negotiating with 6 a.m. Decide the

4
00:00:06.360 --> 00:00:07.460
night before.

5
00:00:07.580 --> 00:00:11.180
The morning version of you is not to be

6
00:00:11.300 --> 00:00:12.900
trusted with anything important.

7
00:00:13.020 --> 00:00:16.220
STILL HERE — a hundred and fifty reads,

8
00:00:16.340 --> 00:00:17.540
free, no account.
","You already know this. Do it anyway: Stop negotiating with 6 a.m.

Decide the night before. The morning version of you is not to be trusted with anything important.

STILL HERE — 150 short reads that put your life in perspective. Free, works offline, no account.
https://fyosamu.github.io/still-here/c/110.html

#motivation #discipline #productivity #selfimprovement #habits #goals #goalsetting #STILLHERE #shorts","#motivation #discipline #productivity #selfimprovement #habits #goals #goalsetting #STILLHERE #shorts"
"111","NOW GO","Boredom is a superpower","https://fyosamu.github.io/still-here/c/111.html","16","37","No inspiration required: Boredom is a superpower.","No inspiration required: Boredom is a superpower. Can't sit still anymore? Nobody can. The one person who still can is going to take all of it. STILL HERE — a hundred and fifty reads, free, no account.","No inspiration required | Boredom is a superpower | Can't sit still anymore? Nobody can. The one person who still can is going to take all of it. | STILL HERE · 150 free reads","1
00:00:00.400 --> 00:00:01.600
No inspiration required:

2
00:00:01.720 --> 00:00:03.320
Boredom is a superpower.

3
00:00:03.440 --> 00:00:05.040
Can't sit still anymore?

4
00:00:05.160 --> 00:00:06.260
Nobody can.

5
00:00:06.380 --> 00:00:09.980
The one person who still can is going to

6
00:00:10.100 --> 00:00:11.700
take all of it.

7
00:00:11.820 --> 00:00:15.020
STILL HERE — a hundred and fifty reads,

8
00:00:15.140 --> 00:00:16.340
free, no account.
","No inspiration required: Boredom is a superpower.

Can't sit still anymore? Nobody can. The one person who still can is going to take all of it.

STILL HERE — 150 short reads that put your life in perspective. Free, works offline, no account.
https://fyosamu.github.io/still-here/c/111.html

#motivation #discipline #productivity #selfimprovement #habits #goals #goalsetting #STILLHERE #shorts","#motivation #discipline #productivity #selfimprovement #habits #goals #goalsetting #STILLHERE #shorts"
"112","NOW GO","Do the boring thing unimpressively","https://fyosamu.github.io/still-here/c/112.html","16","35","Today's only assignment: Do the boring thing unimpressively.","Today's only assignment: Do the boring thing unimpressively. Not perfectly, not with a color-coded planner. Just done, badly, again tomorrow. That's the whole method. STILL HERE — a hundred and fifty reads, free, no account.","Today's only assignment | Do the boring thing unimpressively | Not perfectly, not with a color-coded planner. Just done, badly, again tomorrow. That's the… | STILL HERE · 150 free reads","1
00:00:00.400 --> 00:00:01.600
Today's only assignment:

2
00:00:01.720 --> 00:00:03.720
Do the boring thing unimpressively.

3
00:00:03.840 --> 00:00:04.940
Not perfectly,

4
00:00:05.060 --> 00:00:07.060
not with a color-coded planner.

5
00:00:07.180 --> 00:00:09.180
Just done, badly, again tomorrow.

6
00:00:09.300 --> 00:00:10.900
That's the whole method.

7
00:00:11.020 --> 00:00:14.220
STILL HERE — a hundred and fifty reads,

8
00:00:14.340 --> 00:00:15.540
free, no account.
","Today's only assignment: Do the boring thing unimpressively.

Not perfectly, not with a color-coded planner. Just done, badly, again tomorrow. That's the whole method.

STILL HERE — 150 short reads that put your life in perspective. Free, works offline, no account.
https://fyosamu.github.io/still-here/c/112.html

#motivation #discipline #productivity #selfimprovement #habits #goals #goalsetting #STILLHERE #shorts","#motivation #discipline #productivity #selfimprovement #habits #goals #goalsetting #STILLHERE #shorts"
"113","NOW GO","You don't need a breakthrough","https://fyosamu.github.io/still-here/c/113.html","19","44","Motivation is a guest. Here is the rule: You don't need a breakthrough.","Motivation is a guest. Here is the rule: You don't need a breakthrough. You need four hundred unremarkable days in a row and the willingness to not be excited about most of them. STILL HERE — a hundred and fifty reads, free, no account.","Motivation is a guest. Here is the rule | You don't need a breakthrough | You need four hundred unremarkable days in a row and the willingness to not be excited about… | STILL HERE · 150 free reads","1
00:00:00.400 --> 00:00:02.000
Motivation is a guest.

2
00:00:02.120 --> 00:00:03.720
Here is the rule:

3
00:00:03.840 --> 00:00:05.840
You don't need a breakthrough.

4
00:00:05.960 --> 00:00:08.760
You need four hundred unremarkable days in

5
00:00:08.880 --> 00:00:12.080
a row and the willingness to not be

6
00:00:12.200 --> 00:00:14.200
excited about most of them.

7
00:00:14.320 --> 00:00:17.520
STILL HERE — a hundred and fifty reads,

8
00:00:17.640 --> 00:00:18.840
free, no account.
","Motivation is a guest. Here is the rule: You don't need a breakthrough.

You need four hundred unremarkable days in a row and the willingness to not be excited about most of them.

STILL HERE — 150 short reads that put your life in perspective. Free, works offline, no account.
https://fyosamu.github.io/still-here/c/113.html

#motivation #discipline #productivity #selfimprovement #habits #goals #goalsetting #STILLHERE #shorts","#motivation #discipline #productivity #selfimprovement #habits #goals #goalsetting #STILLHERE #shorts"
"114","NOW GO","The work is the reward","https://fyosamu.github.io/still-here/c/114.html","18","41","Read this, then go do one thing: The work is the reward.","Read this, then go do one thing: The work is the reward. Not eventually, actually. The day you stop dreading it is the exact day it starts paying you back. STILL HERE — a hundred and fifty reads, free, no account.","Read this, then go do one thing | The work is the reward | Not eventually, actually. The day you stop dreading it is the exact day it starts paying you… | STILL HERE · 150 free reads","1
00:00:00.400 --> 00:00:01.500
Read this,

2
00:00:01.620 --> 00:00:03.620
then go do one thing:

3
00:00:03.740 --> 00:00:05.740
The work is the reward.

4
00:00:05.860 --> 00:00:07.060
Not eventually, actually.

5
00:00:07.180 --> 00:00:10.780
The day you stop dreading it is the exact

6
00:00:10.900 --> 00:00:13.300
day it starts paying you back.

7
00:00:13.420 --> 00:00:16.620
STILL HERE — a hundred and fifty reads,

8
00:00:16.740 --> 00:00:17.940
free, no account.
","Read this, then go do one thing: The work is the reward.

Not eventually, actually. The day you stop dreading it is the exact day it starts paying you back.

STILL HERE — 150 short reads that put your life in perspective. Free, works offline, no account.
https://fyosamu.github.io/still-here/c/114.html

#motivation #discipline #productivity #selfimprovement #habits #goals #goalsetting #STILLHERE #shorts","#motivation #discipline #productivity #selfimprovement #habits #goals #goalsetting #STILLHERE #shorts"
"115","NOW GO","You're behind on a clock you invented","https://fyosamu.github.io/still-here/c/115.html","19","43","No pep talk, just the instruction: You're behind on a clock you invented.","No pep talk, just the instruction: You're behind on a clock you invented. There's no schedule. There's no deadline. There's just people who started and people who are still thinking about it. STILL HERE — a hundred and fifty reads, free, no account.","No pep talk, just the instruction | You're behind on a clock you invented | There's no schedule. There's no deadline. There's just people who started and people who are… | STILL HERE · 150 free reads","1
00:00:00.400 --> 00:00:01.600
No pep talk,

2
00:00:01.720 --> 00:00:02.920
just the instruction:

3
00:00:03.040 --> 00:00:05.840
You're behind on a clock you invented.

4
00:00:05.960 --> 00:00:07.160
There's no schedule.

5
00:00:07.280 --> 00:00:08.480
There's no deadline.

6
00:00:08.600 --> 00:00:11.400
There's just people who started and people

7
00:00:11.520 --> 00:00:13.920
who are still thinking about it.

8
00:00:14.040 --> 00:00:17.240
STILL HERE — a hundred and fifty reads,

9
00:00:17.360 --> 00:00:18.560
free, no account.
","No pep talk, just the instruction: You're behind on a clock you invented.

There's no schedule. There's no deadline. There's just people who started and people who are still thinking about it.

STILL HERE — 150 short reads that put your life in perspective. Free, works offline, no account.
https://fyosamu.github.io/still-here/c/115.html

#motivation #discipline #productivity #selfimprovement #habits #goals #goalsetting #STILLHERE #shorts","#motivation #discipline #productivity #selfimprovement #habits #goals #goalsetting #STILLHERE #shorts"
"116","NOW GO","Nobody's keeping score","https://fyosamu.github.io/still-here/c/116.html","16","38","The part where you actually do something: Nobody's keeping score.","The part where you actually do something: Nobody's keeping score. Which is both freeing and terrifying. Nobody will notice if you quit. That's exactly why you shouldn't. STILL HERE — a hundred and fifty reads, free, no account.","The part where you actually do something | Nobody's keeping score | Which is both freeing and terrifying. Nobody will notice if you quit. That's exactly why you… | STILL HERE · 150 free reads","1
00:00:00.400 --> 00:00:03.200
The part where you actually do something:

2
00:00:03.320 --> 00:00:04.520
Nobody's keeping score.

3
00:00:04.640 --> 00:00:07.040
Which is both freeing and terrifying.

4
00:00:07.160 --> 00:00:09.560
Nobody will notice if you quit.

5
00:00:09.680 --> 00:00:11.680
That's exactly why you shouldn't.

6
00:00:11.800 --> 00:00:15.000
STILL HERE — a hundred and fifty reads,

7
00:00:15.120 --> 00:00:16.320
free, no account.
","The part where you actually do something: Nobody's keeping score.

Which is both freeing and terrifying. Nobody will notice if you quit. That's exactly why you shouldn't.

STILL HERE — 150 short reads that put your life in perspective. Free, works offline, no account.
https://fyosamu.github.io/still-here/c/116.html

#motivation #discipline #productivity #selfimprovement #habits #goals #goalsetting #STILLHERE #shorts","#motivation #discipline #productivity #selfimprovement #habits #goals #goalsetting #STILLHERE #shorts"
"117","NOW GO","Quitting is quiet","https://fyosamu.github.io/still-here/c/117.html","15","35","Your mood is weather. Quitting is quiet.","Your mood is weather. Quitting is quiet. Success makes noise. Failure just closes a tab one afternoon and nobody ever asks what happened there. STILL HERE — a hundred and fifty reads, free, no account.","Your mood is weather | Quitting is quiet | Success makes noise. Failure just closes a tab one afternoon and nobody ever asks what happened… | STILL HERE · 150 free reads","1
00:00:00.400 --> 00:00:02.000
Your mood is weather.

2
00:00:02.120 --> 00:00:03.320
Quitting is quiet.

3
00:00:03.440 --> 00:00:04.640
Success makes noise.

4
00:00:04.760 --> 00:00:07.560
Failure just closes a tab one afternoon

5
00:00:07.680 --> 00:00:10.480
and nobody ever asks what happened there.

6
00:00:10.600 --> 00:00:13.800
STILL HERE — a hundred and fifty reads,

7
00:00:13.920 --> 00:00:15.120
free, no account.
","Your mood is weather. Quitting is quiet.

Success makes noise. Failure just closes a tab one afternoon and nobody ever asks what happened there.

STILL HERE — 150 short reads that put your life in perspective. Free, works offline, no account.
https://fyosamu.github.io/still-here/c/117.html

#motivation #discipline #productivity #selfimprovement #habits #goals #goalsetting #STILLHERE #shorts","#motivation #discipline #productivity #selfimprovement #habits #goals #goalsetting #STILLHERE #shorts"
"118","NOW GO","Make it stupidly easy to start","https://fyosamu.github.io/still-here/c/118.html","18","41","You already know this. Do it anyway: Make it stupidly easy to start.","You already know this. Do it anyway: Make it stupidly easy to start. Shoes by the door. Document already open. Remove the friction and you remove most of the argument. STILL HERE — a hundred and fifty reads, free, no account.","You already know this. Do it anyway | Make it stupidly easy to start | Shoes by the door. Document already open. Remove the friction and you remove most of the… | STILL HERE · 150 free reads","1
00:00:00.400 --> 00:00:02.000
You already know this.

2
00:00:02.120 --> 00:00:03.320
Do it anyway:

3
00:00:03.440 --> 00:00:05.840
Make it stupidly easy to start.

4
00:00:05.960 --> 00:00:07.560
Shoes by the door.

5
00:00:07.680 --> 00:00:08.880
Document already open.

6
00:00:09.000 --> 00:00:12.200
Remove the friction and you remove most of

7
00:00:12.320 --> 00:00:13.420
the argument.

8
00:00:13.540 --> 00:00:16.740
STILL HERE — a hundred and fifty reads,

9
00:00:16.860 --> 00:00:18.060
free, no account.
","You already know this. Do it anyway: Make it stupidly easy to start.

Shoes by the door. Document already open. Remove the friction and you remove most of the argument.

STILL HERE — 150 short reads that put your life in perspective. Free, works offline, no account.
https://fyosamu.github.io/still-here/c/118.html

#motivation #discipline #productivity #selfimprovement #habits #goals #goalsetting #STILLHERE #shorts","#motivation #discipline #productivity #selfimprovement #habits #goals #goalsetting #STILLHERE #shorts"
"119","NOW GO","Track it or it didn't happen","https://fyosamu.github.io/still-here/c/119.html","16","37","No inspiration required: Track it or it didn't happen.","No inspiration required: Track it or it didn't happen. One line a day. You'll hate the empty days far more than you hate the actual work. STILL HERE — a hundred and fifty reads, free, no account.","No inspiration required | Track it or it didn't happen | One line a day. You'll hate the empty days far more than you hate the actual work. | STILL HERE · 150 free reads","1
00:00:00.400 --> 00:00:01.600
No inspiration required:

2
00:00:01.720 --> 00:00:04.120
Track it or it didn't happen.

3
00:00:04.240 --> 00:00:05.840
One line a day.

4
00:00:05.960 --> 00:00:09.160
You'll hate the empty days far more than

5
00:00:09.280 --> 00:00:11.280
you hate the actual work.

6
00:00:11.400 --> 00:00:14.600
STILL HERE — a hundred and fifty reads,

7
00:00:14.720 --> 00:00:15.920
free, no account.
","No inspiration required: Track it or it didn't happen.

One line a day. You'll hate the empty days far more than you hate the actual work.

STILL HERE — 150 short reads that put your life in perspective. Free, works offline, no account.
https://fyosamu.github.io/still-here/c/119.html

#motivation #discipline #productivity #selfimprovement #habits #goals #goalsetting #STILLHERE #shorts","#motivation #discipline #productivity #selfimprovement #habits #goals #goalsetting #STILLHERE #shorts"
"120","NOW GO","Rest is part of the plan","https://fyosamu.github.io/still-here/c/120.html","18","41","Today's only assignment: Rest is part of the plan.","Today's only assignment: Rest is part of the plan. Not a betrayal of the plan. A machine that never stops isn't dedicated — it's just broken and hasn't told anyone. STILL HERE — a hundred and fifty reads, free, no account.","Today's only assignment | Rest is part of the plan | Not a betrayal of the plan. A machine that never stops isn't dedicated — it's just broken and… | STILL HERE · 150 free reads","1
00:00:00.400 --> 00:00:01.600
Today's only assignment:

2
00:00:01.720 --> 00:00:04.120
Rest is part of the plan.

3
00:00:04.240 --> 00:00:06.640
Not a betrayal of the plan.

4
00:00:06.760 --> 00:00:09.560
A machine that never stops isn't dedicated

5
00:00:09.680 --> 00:00:12.880
— it's just broken and hasn't told anyone.

6
00:00:13.000 --> 00:00:16.200
STILL HERE — a hundred and fifty reads,

7
00:00:16.320 --> 00:00:17.520
free, no account.
","Today's only assignment: Rest is part of the plan.

Not a betrayal of the plan. A machine that never stops isn't dedicated — it's just broken and hasn't told anyone.

STILL HERE — 150 short reads that put your life in perspective. Free, works offline, no account.
https://fyosamu.github.io/still-here/c/120.html

#motivation #discipline #productivity #selfimprovement #habits #goals #goalsetting #STILLHERE #shorts","#motivation #discipline #productivity #selfimprovement #habits #goals #goalsetting #STILLHERE #shorts"
"121","NOW GO","Your mood is weather","https://fyosamu.github.io/still-here/c/121.html","19","45","Motivation is a guest. Here is the rule: Your mood is weather.","Motivation is a guest. Here is the rule: Your mood is weather. It passes whether you argue with it or not. Work through it and it becomes just a Tuesday that happened to rain. STILL HERE — a hundred and fifty reads, free, no account.","Motivation is a guest. Here is the rule | Your mood is weather | It passes whether you argue with it or not. Work through it and it becomes just a Tuesday that… | STILL HERE · 150 free reads","1
00:00:00.400 --> 00:00:02.000
Motivation is a guest.

2
00:00:02.120 --> 00:00:05.320
Here is the rule: Your mood is weather.

3
00:00:05.440 --> 00:00:08.640
It passes whether you argue with it or

4
00:00:08.760 --> 00:00:12.360
not. Work through it and it becomes just a

5
00:00:12.480 --> 00:00:14.480
Tuesday that happened to rain.

6
00:00:14.600 --> 00:00:17.800
STILL HERE — a hundred and fifty reads,

7
00:00:17.920 --> 00:00:19.120
free, no account.
","Motivation is a guest. Here is the rule: Your mood is weather.

It passes whether you argue with it or not. Work through it and it becomes just a Tuesday that happened to rain.

STILL HERE — 150 short reads that put your life in perspective. Free, works offline, no account.
https://fyosamu.github.io/still-here/c/121.html

#motivation #discipline #productivity #selfimprovement #habits #goals #goalsetting #STILLHERE #shorts","#motivation #discipline #productivity #selfimprovement #habits #goals #goalsetting #STILLHERE #shorts"
"122","NOW GO","Feel it and do it anyway","https://fyosamu.github.io/still-here/c/122.html","17","39","Read this, then go do one thing: Feel it and do it anyway.","Read this, then go do one thing: Feel it and do it anyway. That's not suppression, that's adulthood. The fear stays exactly where it is. You move regardless. STILL HERE — a hundred and fifty reads, free, no account.","Read this, then go do one thing | Feel it and do it anyway | That's not suppression, that's adulthood. The fear stays exactly where it is. You move… | STILL HERE · 150 free reads","1
00:00:00.400 --> 00:00:01.500
Read this,

2
00:00:01.620 --> 00:00:03.620
then go do one thing:

3
00:00:03.740 --> 00:00:06.140
Feel it and do it anyway.

4
00:00:06.260 --> 00:00:08.260
That's not suppression, that's adulthood.

5
00:00:08.380 --> 00:00:11.180
The fear stays exactly where it is.

6
00:00:11.300 --> 00:00:12.500
You move regardless.

7
00:00:12.620 --> 00:00:15.820
STILL HERE — a hundred and fifty reads,

8
00:00:15.940 --> 00:00:17.140
free, no account.
","Read this, then go do one thing: Feel it and do it anyway.

That's not suppression, that's adulthood. The fear stays exactly where it is. You move regardless.

STILL HERE — 150 short reads that put your life in perspective. Free, works offline, no account.
https://fyosamu.github.io/still-here/c/122.html

#motivation #discipline #productivity #selfimprovement #habits #goals #goalsetting #STILLHERE #shorts","#motivation #discipline #productivity #selfimprovement #habits #goals #goalsetting #STILLHERE #shorts"
"123","NOW GO","Five years from now is coming either way","https://fyosamu.github.io/still-here/c/123.html","19","44","No pep talk, just the instruction: Five years from now is coming either way.","No pep talk, just the instruction: Five years from now is coming either way. You'll arrive at it no matter what you do. Might as well have something to show for the trip. STILL HERE — a hundred and fifty reads, free, no account.","No pep talk, just the instruction | Five years from now is coming either way | You'll arrive at it no matter what you do. Might as well have something to show for the trip. | STILL HERE · 150 free reads","1
00:00:00.400 --> 00:00:01.600
No pep talk,

2
00:00:01.720 --> 00:00:02.920
just the instruction:

3
00:00:03.040 --> 00:00:06.240
Five years from now is coming either way.

4
00:00:06.360 --> 00:00:09.960
You'll arrive at it no matter what you do.

5
00:00:10.080 --> 00:00:13.280
Might as well have something to show for

6
00:00:13.400 --> 00:00:14.500
the trip.

7
00:00:14.620 --> 00:00:17.820
STILL HERE — a hundred and fifty reads,

8
00:00:17.940 --> 00:00:19.140
free, no account.
","No pep talk, just the instruction: Five years from now is coming either way.

You'll arrive at it no matter what you do. Might as well have something to show for the trip.

STILL HERE — 150 short reads that put your life in perspective. Free, works offline, no account.
https://fyosamu.github.io/still-here/c/123.html

#motivation #discipline #productivity #selfimprovement #habits #goals #goalsetting #STILLHERE #shorts","#motivation #discipline #productivity #selfimprovement #habits #goals #goalsetting #STILLHERE #shorts"
"124","NOW GO","The you of next year is watching","https://fyosamu.github.io/still-here/c/124.html","20","46","The part where you actually do something: The you of next year is watching.","The part where you actually do something: The you of next year is watching. Not mystically. Just practically — they're either going to be grateful or annoyed, and you're the only one who picks which. STILL HERE — a hundred and fifty reads, free, no account.","The part where you actually do something | The you of next year is watching | Not mystically. Just practically — they're either going to be grateful or annoyed, and you're… | STILL HERE · 150 free reads","1
00:00:00.400 --> 00:00:03.200
The part where you actually do something:

2
00:00:03.320 --> 00:00:06.120
The you of next year is watching.

3
00:00:06.240 --> 00:00:07.340
Not mystically.

4
00:00:07.460 --> 00:00:10.260
Just practically — they're either going to

5
00:00:10.380 --> 00:00:11.980
be grateful or annoyed,

6
00:00:12.100 --> 00:00:15.300
and you're the only one who picks which.

7
00:00:15.420 --> 00:00:18.620
STILL HERE — a hundred and fifty reads,

8
00:00:18.740 --> 00:00:19.940
free, no account.
","The part where you actually do something: The you of next year is watching.

Not mystically. Just practically — they're either going to be grateful or annoyed, and you're the only one who picks which.

STILL HERE — 150 short reads that put your life in perspective. Free, works offline, no account.
https://fyosamu.github.io/still-here/c/124.html

#motivation #discipline #productivity #selfimprovement #habits #goals #goalsetting #STILLHERE #shorts","#motivation #discipline #productivity #selfimprovement #habits #goals #goalsetting #STILLHERE #shorts"
"125","NOW GO","You're the only person who can","https://fyosamu.github.io/still-here/c/125.html","17","40","Your mood is weather. You're the only person who can.","Your mood is weather. You're the only person who can. Not the most talented, not the most connected. Just the only one with your exact access to right now. STILL HERE — a hundred and fifty reads, free, no account.","Your mood is weather | You're the only person who can | Not the most talented, not the most connected. Just the only one with your exact access to… | STILL HERE · 150 free reads","1
00:00:00.400 --> 00:00:02.000
Your mood is weather.

2
00:00:02.120 --> 00:00:04.520
You're the only person who can.

3
00:00:04.640 --> 00:00:06.240
Not the most talented,

4
00:00:06.360 --> 00:00:07.960
not the most connected.

5
00:00:08.080 --> 00:00:11.280
Just the only one with your exact access

6
00:00:11.400 --> 00:00:12.600
to right now.

7
00:00:12.720 --> 00:00:15.920
STILL HERE — a hundred and fifty reads,

8
00:00:16.040 --> 00:00:17.240
free, no account.
","Your mood is weather. You're the only person who can.

Not the most talented, not the most connected. Just the only one with your exact access to right now.

STILL HERE — 150 short reads that put your life in perspective. Free, works offline, no account.
https://fyosamu.github.io/still-here/c/125.html

#motivation #discipline #productivity #selfimprovement #habits #goals #goalsetting #STILLHERE #shorts","#motivation #discipline #productivity #selfimprovement #habits #goals #goalsetting #STILLHERE #shorts"
"126","LOOSE THOUGHTS","Everyone's improvising","https://fyosamu.github.io/still-here/c/126.html","16","37","Overthinking it again? Read: Everyone's improvising.","Overthinking it again? Read: Everyone's improvising. Nobody has it figured out. Some people are just better at performing that they do, and it's mostly just performance. STILL HERE — a hundred and fifty reads, free, no account.","Overthinking it again? Read | Everyone's improvising | Nobody has it figured out. Some people are just better at performing that they do, and it's… | STILL HERE · 150 free reads","1
00:00:00.400 --> 00:00:01.600
Overthinking it again?

2
00:00:01.720 --> 00:00:02.920
Read: Everyone's improvising.

3
00:00:03.040 --> 00:00:05.040
Nobody has it figured out.

4
00:00:05.160 --> 00:00:07.960
Some people are just better at performing

5
00:00:08.080 --> 00:00:09.280
that they do,

6
00:00:09.400 --> 00:00:11.400
and it's mostly just performance.

7
00:00:11.520 --> 00:00:14.720
STILL HERE — a hundred and fifty reads,

8
00:00:14.840 --> 00:00:16.040
free, no account.
","Overthinking it again? Read: Everyone's improvising.

Nobody has it figured out. Some people are just better at performing that they do, and it's mostly just performance.

STILL HERE — 150 short reads that put your life in perspective. Free, works offline, no account.
https://fyosamu.github.io/still-here/c/126.html

#deepthoughts #philosophy #lifelessons #overthinking #wisdom #mindset #introspection #STILLHERE #shorts","#deepthoughts #philosophy #lifelessons #overthinking #wisdom #mindset #introspection #STILLHERE #shorts"
"127","LOOSE THOUGHTS","""Normal"" is the average of everyone's worst days","https://fyosamu.github.io/still-here/c/127.html","17","38","Random Tuesday thought: ""Normal"" is the average of everyone's worst days.","Random Tuesday thought: ""Normal"" is the average of everyone's worst days. You're comparing your behind-the-scenes to a number that nobody ever agreed to in the first place. STILL HERE — a hundred and fifty reads, free, no account.","Random Tuesday thought | ""Normal"" is the average of everyone's worst days | You're comparing your behind-the-scenes to a number that nobody ever agreed to in the first… | STILL HERE · 150 free reads","1
00:00:00.400 --> 00:00:01.600
Random Tuesday thought:

2
00:00:01.720 --> 00:00:04.120
""Normal"" is the average of everyone's

3
00:00:04.240 --> 00:00:05.340
worst days.

4
00:00:05.460 --> 00:00:07.460
You're comparing your behind-the-scenes to

5
00:00:07.580 --> 00:00:11.180
a number that nobody ever agreed to in the

6
00:00:11.300 --> 00:00:12.400
first place.

7
00:00:12.520 --> 00:00:15.720
STILL HERE — a hundred and fifty reads,

8
00:00:15.840 --> 00:00:17.040
free, no account.
","Random Tuesday thought: ""Normal"" is the average of everyone's worst days.

You're comparing your behind-the-scenes to a number that nobody ever agreed to in the first place.

STILL HERE — 150 short reads that put your life in perspective. Free, works offline, no account.
https://fyosamu.github.io/still-here/c/127.html

#deepthoughts #philosophy #lifelessons #overthinking #wisdom #mindset #introspection #STILLHERE #shorts","#deepthoughts #philosophy #lifelessons #overthinking #wisdom #mindset #introspection #STILLHERE #shorts"
"128","LOOSE THOUGHTS","Time is the only thing you can't earn back","https://fyosamu.github.io/still-here/c/128.html","20","46","It is small. That is why it lands: Time is the only thing you can't earn back.","It is small. That is why it lands: Time is the only thing you can't earn back. You'll trade money for it every single time you're sick. Might be worth acting like you believe that. STILL HERE — a hundred and fifty reads, free, no account.","It is small. That is why it lands | Time is the only thing you can't earn back | You'll trade money for it every single time you're sick. Might be worth acting like you believe… | STILL HERE · 150 free reads","1
00:00:00.400 --> 00:00:01.600
It is small.

2
00:00:01.720 --> 00:00:03.720
That is why it lands:

3
00:00:03.840 --> 00:00:07.040
Time is the only thing you can't earn

4
00:00:07.160 --> 00:00:09.960
back. You'll trade money for it every

5
00:00:10.080 --> 00:00:11.680
single time you're sick.

6
00:00:11.800 --> 00:00:14.600
Might be worth acting like you believe

7
00:00:14.720 --> 00:00:17.920
that. STILL HERE — a hundred and fifty

8
00:00:18.040 --> 00:00:19.640
reads, free, no account.
","It is small. That is why it lands: Time is the only thing you can't earn back.

You'll trade money for it every single time you're sick. Might be worth acting like you believe that.

STILL HERE — 150 short reads that put your life in perspective. Free, works offline, no account.
https://fyosamu.github.io/still-here/c/128.html

#deepthoughts #philosophy #lifelessons #overthinking #wisdom #mindset #introspection #STILLHERE #shorts","#deepthoughts #philosophy #lifelessons #overthinking #wisdom #mindset #introspection #STILLHERE #shorts"
"129","LOOSE THOUGHTS","You've already survived your worst day","https://fyosamu.github.io/still-here/c/129.html","16","35","A thought that did not fit anywhere else: You've already survived your worst day.","A thought that did not fit anywhere else: You've already survived your worst day. Statistically, your record is 100%. Perfect. Nobody's beaten it yet. STILL HERE — a hundred and fifty reads, free, no account.","A thought that did not fit anywhere else | You've already survived your worst day | Statistically, your record is 100%. Perfect. Nobody's beaten it yet. | STILL HERE · 150 free reads","1
00:00:00.400 --> 00:00:03.600
A thought that did not fit anywhere else:

2
00:00:03.720 --> 00:00:06.120
You've already survived your worst day.

3
00:00:06.240 --> 00:00:08.240
Statistically, your record is 100%.

4
00:00:08.360 --> 00:00:09.460
Perfect.

5
00:00:09.580 --> 00:00:11.180
Nobody's beaten it yet.

6
00:00:11.300 --> 00:00:14.500
STILL HERE — a hundred and fifty reads,

7
00:00:14.620 --> 00:00:15.820
free, no account.
","A thought that did not fit anywhere else: You've already survived your worst day.

Statistically, your record is 100%. Perfect. Nobody's beaten it yet.

STILL HERE — 150 short reads that put your life in perspective. Free, works offline, no account.
https://fyosamu.github.io/still-here/c/129.html

#deepthoughts #philosophy #lifelessons #overthinking #wisdom #mindset #introspection #STILLHERE #shorts","#deepthoughts #philosophy #lifelessons #overthinking #wisdom #mindset #introspection #STILLHERE #shorts"
"130","LOOSE THOUGHTS","Most of what you're worried about won't happen","https://fyosamu.github.io/still-here/c/130.html","19","38","Loose thought, no category: Most of what you're worried about won't happen.","Loose thought, no category: Most of what you're worried about won't happen. The rest you'll handle, because you always have, with zero notice and no preparation whatsoever. STILL HERE — a hundred and fifty reads, free, no account.","Loose thought, no category | Most of what you're worried about won't happen | The rest you'll handle, because you always have, with zero notice and no preparation whatsoever. | STILL HERE · 150 free reads","1
00:00:00.400 --> 00:00:01.500
Loose thought,

2
00:00:01.620 --> 00:00:02.720
no category:

3
00:00:02.840 --> 00:00:05.640
Most of what you're worried about won't

4
00:00:05.760 --> 00:00:06.860
happen.

5
00:00:06.980 --> 00:00:08.580
The rest you'll handle,

6
00:00:08.700 --> 00:00:10.300
because you always have,

7
00:00:10.420 --> 00:00:12.820
with zero notice and no preparation

8
00:00:12.940 --> 00:00:14.040
whatsoever.

9
00:00:14.160 --> 00:00:17.360
STILL HERE — a hundred and fifty reads,

10
00:00:17.480 --> 00:00:18.680
free, no account.
","Loose thought, no category: Most of what you're worried about won't happen.

The rest you'll handle, because you always have, with zero notice and no preparation whatsoever.

STILL HERE — 150 short reads that put your life in perspective. Free, works offline, no account.
https://fyosamu.github.io/still-here/c/130.html

#deepthoughts #philosophy #lifelessons #overthinking #wisdom #mindset #introspection #STILLHERE #shorts","#deepthoughts #philosophy #lifelessons #overthinking #wisdom #mindset #introspection #STILLHERE #shorts"
"131","LOOSE THOUGHTS","You are not your best idea","https://fyosamu.github.io/still-here/c/131.html","16","38","Sit with this one for a second: You are not your best idea.","Sit with this one for a second: You are not your best idea. Or your worst one. You're the one standing there deciding which one gets built. STILL HERE — a hundred and fifty reads, free, no account.","Sit with this one for a second | You are not your best idea | Or your worst one. You're the one standing there deciding which one gets built. | STILL HERE · 150 free reads","1
00:00:00.400 --> 00:00:03.200
Sit with this one for a second:

2
00:00:03.320 --> 00:00:05.720
You are not your best idea.

3
00:00:05.840 --> 00:00:07.440
Or your worst one.

4
00:00:07.560 --> 00:00:09.960
You're the one standing there deciding

5
00:00:10.080 --> 00:00:11.680
which one gets built.

6
00:00:11.800 --> 00:00:15.000
STILL HERE — a hundred and fifty reads,

7
00:00:15.120 --> 00:00:16.320
free, no account.
","Sit with this one for a second: You are not your best idea.

Or your worst one. You're the one standing there deciding which one gets built.

STILL HERE — 150 short reads that put your life in perspective. Free, works offline, no account.
https://fyosamu.github.io/still-here/c/131.html

#deepthoughts #philosophy #lifelessons #overthinking #wisdom #mindset #introspection #STILLHERE #shorts","#deepthoughts #philosophy #lifelessons #overthinking #wisdom #mindset #introspection #STILLHERE #shorts"
"132","LOOSE THOUGHTS","Nobody thinks about you as much as you do","https://fyosamu.github.io/still-here/c/132.html","17","39","Nobody says this out loud: Nobody thinks about you as much as you do.","Nobody says this out loud: Nobody thinks about you as much as you do. Slightly freeing. Slightly insulting. Both are true at the same time and that's fine. STILL HERE — a hundred and fifty reads, free, no account.","Nobody says this out loud | Nobody thinks about you as much as you do | Slightly freeing. Slightly insulting. Both are true at the same time and that's fine. | STILL HERE · 150 free reads","1
00:00:00.400 --> 00:00:02.400
Nobody says this out loud:

2
00:00:02.520 --> 00:00:06.120
Nobody thinks about you as much as you do.

3
00:00:06.240 --> 00:00:07.340
Slightly freeing.

4
00:00:07.460 --> 00:00:08.560
Slightly insulting.

5
00:00:08.680 --> 00:00:12.280
Both are true at the same time and that's

6
00:00:12.400 --> 00:00:15.600
fine. STILL HERE — a hundred and fifty

7
00:00:15.720 --> 00:00:17.320
reads, free, no account.
","Nobody says this out loud: Nobody thinks about you as much as you do.

Slightly freeing. Slightly insulting. Both are true at the same time and that's fine.

STILL HERE — 150 short reads that put your life in perspective. Free, works offline, no account.
https://fyosamu.github.io/still-here/c/132.html

#deepthoughts #philosophy #lifelessons #overthinking #wisdom #mindset #introspection #STILLHERE #shorts","#deepthoughts #philosophy #lifelessons #overthinking #wisdom #mindset #introspection #STILLHERE #shorts"
"133","LOOSE THOUGHTS","The thing you're avoiding takes four minutes","https://fyosamu.github.io/still-here/c/133.html","18","40","You will want to argue. Don't: The thing you're avoiding takes four minutes.","You will want to argue. Don't: The thing you're avoiding takes four minutes. It's been four hours of avoiding it. That ratio is the entire problem, in one line. STILL HERE — a hundred and fifty reads, free, no account.","You will want to argue. Don't | The thing you're avoiding takes four minutes | It's been four hours of avoiding it. That ratio is the entire problem, in one line. | STILL HERE · 150 free reads","1
00:00:00.400 --> 00:00:02.400
You will want to argue.

2
00:00:02.520 --> 00:00:04.920
Don't: The thing you're avoiding takes

3
00:00:05.040 --> 00:00:06.140
four minutes.

4
00:00:06.260 --> 00:00:09.060
It's been four hours of avoiding it.

5
00:00:09.180 --> 00:00:11.580
That ratio is the entire problem,

6
00:00:11.700 --> 00:00:12.900
in one line.

7
00:00:13.020 --> 00:00:16.220
STILL HERE — a hundred and fifty reads,

8
00:00:16.340 --> 00:00:17.540
free, no account.
","You will want to argue. Don't: The thing you're avoiding takes four minutes.

It's been four hours of avoiding it. That ratio is the entire problem, in one line.

STILL HERE — 150 short reads that put your life in perspective. Free, works offline, no account.
https://fyosamu.github.io/still-here/c/133.html

#deepthoughts #philosophy #lifelessons #overthinking #wisdom #mindset #introspection #STILLHERE #shorts","#deepthoughts #philosophy #lifelessons #overthinking #wisdom #mindset #introspection #STILLHERE #shorts"
"134","LOOSE THOUGHTS","""Someday"" is not a date","https://fyosamu.github.io/still-here/c/134.html","16","38","Overthinking it again? Read: ""Someday"" is not a date.","Overthinking it again? Read: ""Someday"" is not a date. It's a rejection letter you wrote to yourself and never sent, so it doesn't even feel like one. STILL HERE — a hundred and fifty reads, free, no account.","Overthinking it again? Read | ""Someday"" is not a date | It's a rejection letter you wrote to yourself and never sent, so it doesn't even feel like one. | STILL HERE · 150 free reads","1
00:00:00.400 --> 00:00:01.600
Overthinking it again?

2
00:00:01.720 --> 00:00:04.120
Read: ""Someday"" is not a date.

3
00:00:04.240 --> 00:00:07.040
It's a rejection letter you wrote to

4
00:00:07.160 --> 00:00:08.760
yourself and never sent,

5
00:00:08.880 --> 00:00:11.680
so it doesn't even feel like one.

6
00:00:11.800 --> 00:00:15.000
STILL HERE — a hundred and fifty reads,

7
00:00:15.120 --> 00:00:16.320
free, no account.
","Overthinking it again? Read: ""Someday"" is not a date.

It's a rejection letter you wrote to yourself and never sent, so it doesn't even feel like one.

STILL HERE — 150 short reads that put your life in perspective. Free, works offline, no account.
https://fyosamu.github.io/still-here/c/134.html

#deepthoughts #philosophy #lifelessons #overthinking #wisdom #mindset #introspection #STILLHERE #shorts","#deepthoughts #philosophy #lifelessons #overthinking #wisdom #mindset #introspection #STILLHERE #shorts"
"135","LOOSE THOUGHTS","You can start over","https://fyosamu.github.io/still-here/c/135.html","16","36","Random Tuesday thought: You can start over.","Random Tuesday thought: You can start over. Not from zero — you keep the skills and the scars — but you can absolutely start again. STILL HERE — a hundred and fifty reads, free, no account.","Random Tuesday thought | You can start over | Not from zero — you keep the skills and the scars — but you can absolutely start again. | STILL HERE · 150 free reads","1
00:00:00.400 --> 00:00:01.600
Random Tuesday thought:

2
00:00:01.720 --> 00:00:03.320
You can start over.

3
00:00:03.440 --> 00:00:07.040
Not from zero — you keep the skills and

4
00:00:07.160 --> 00:00:10.360
the scars — but you can absolutely start

5
00:00:10.480 --> 00:00:13.680
again. STILL HERE — a hundred and fifty

6
00:00:13.800 --> 00:00:15.400
reads, free, no account.
","Random Tuesday thought: You can start over.

Not from zero — you keep the skills and the scars — but you can absolutely start again.

STILL HERE — 150 short reads that put your life in perspective. Free, works offline, no account.
https://fyosamu.github.io/still-here/c/135.html

#deepthoughts #philosophy #lifelessons #overthinking #wisdom #mindset #introspection #STILLHERE #shorts","#deepthoughts #philosophy #lifelessons #overthinking #wisdom #mindset #introspection #STILLHERE #shorts"
"136","LOOSE THOUGHTS","Kindness is free and rarely on sale","https://fyosamu.github.io/still-here/c/136.html","19","43","It is small. That is why it lands: Kindness is free and rarely on sale.","It is small. That is why it lands: Kindness is free and rarely on sale. Because nobody's marketing it. There's no campaign. Do it anyway, it's the cheapest thing that moves people. STILL HERE — a hundred and fifty reads, free, no account.","It is small. That is why it lands | Kindness is free and rarely on sale | Because nobody's marketing it. There's no campaign. Do it anyway, it's the cheapest thing that… | STILL HERE · 150 free reads","1
00:00:00.400 --> 00:00:01.600
It is small.

2
00:00:01.720 --> 00:00:03.720
That is why it lands:

3
00:00:03.840 --> 00:00:06.640
Kindness is free and rarely on sale.

4
00:00:06.760 --> 00:00:08.360
Because nobody's marketing it.

5
00:00:08.480 --> 00:00:09.680
There's no campaign.

6
00:00:09.800 --> 00:00:11.000
Do it anyway,

7
00:00:11.120 --> 00:00:13.920
it's the cheapest thing that moves people.

8
00:00:14.040 --> 00:00:17.240
STILL HERE — a hundred and fifty reads,

9
00:00:17.360 --> 00:00:18.560
free, no account.
","It is small. That is why it lands: Kindness is free and rarely on sale.

Because nobody's marketing it. There's no campaign. Do it anyway, it's the cheapest thing that moves people.

STILL HERE — 150 short reads that put your life in perspective. Free, works offline, no account.
https://fyosamu.github.io/still-here/c/136.html

#deepthoughts #philosophy #lifelessons #overthinking #wisdom #mindset #introspection #STILLHERE #shorts","#deepthoughts #philosophy #lifelessons #overthinking #wisdom #mindset #introspection #STILLHERE #shorts"
"137","LOOSE THOUGHTS","The people who annoy you most are running old code too","https://fyosamu.github.io/still-here/c/137.html","17","40","A thought that did not fit anywhere else: The people who annoy you most are running old code too.","A thought that did not fit anywhere else: The people who annoy you most are running old code too. Same as you, slightly different install date, fewer updates applied. STILL HERE — a hundred and fifty reads, free, no account.","A thought that did not fit anywhere else | The people who annoy you most are running old code too | Same as you, slightly different install date, fewer updates applied. | STILL HERE · 150 free reads","1
00:00:00.400 --> 00:00:03.600
A thought that did not fit anywhere else:

2
00:00:03.720 --> 00:00:06.920
The people who annoy you most are running

3
00:00:07.040 --> 00:00:08.240
old code too.

4
00:00:08.360 --> 00:00:09.560
Same as you,

5
00:00:09.680 --> 00:00:11.280
slightly different install date,

6
00:00:11.400 --> 00:00:12.600
fewer updates applied.

7
00:00:12.720 --> 00:00:15.920
STILL HERE — a hundred and fifty reads,

8
00:00:16.040 --> 00:00:17.240
free, no account.
","A thought that did not fit anywhere else: The people who annoy you most are running old code too.

Same as you, slightly different install date, fewer updates applied.

STILL HERE — 150 short reads that put your life in perspective. Free, works offline, no account.
https://fyosamu.github.io/still-here/c/137.html

#deepthoughts #philosophy #lifelessons #overthinking #wisdom #mindset #introspection #STILLHERE #shorts","#deepthoughts #philosophy #lifelessons #overthinking #wisdom #mindset #introspection #STILLHERE #shorts"
"138","LOOSE THOUGHTS","You'll forget 90% of this week","https://fyosamu.github.io/still-here/c/138.html","17","36","Loose thought, no category: You'll forget 90% of this week.","Loose thought, no category: You'll forget 90% of this week. Which is either horrifying or an extremely generous feature, depending on the week you're having. STILL HERE — a hundred and fifty reads, free, no account.","Loose thought, no category | You'll forget 90% of this week | Which is either horrifying or an extremely generous feature, depending on the week you're… | STILL HERE · 150 free reads","1
00:00:00.400 --> 00:00:01.500
Loose thought,

2
00:00:01.620 --> 00:00:02.720
no category:

3
00:00:02.840 --> 00:00:05.240
You'll forget 90% of this week.

4
00:00:05.360 --> 00:00:08.160
Which is either horrifying or an extremely

5
00:00:08.280 --> 00:00:09.380
generous feature,

6
00:00:09.500 --> 00:00:11.900
depending on the week you're having.

7
00:00:12.020 --> 00:00:15.220
STILL HERE — a hundred and fifty reads,

8
00:00:15.340 --> 00:00:16.540
free, no account.
","Loose thought, no category: You'll forget 90% of this week.

Which is either horrifying or an extremely generous feature, depending on the week you're having.

STILL HERE — 150 short reads that put your life in perspective. Free, works offline, no account.
https://fyosamu.github.io/still-here/c/138.html

#deepthoughts #philosophy #lifelessons #overthinking #wisdom #mindset #introspection #STILLHERE #shorts","#deepthoughts #philosophy #lifelessons #overthinking #wisdom #mindset #introspection #STILLHERE #shorts"
"139","LOOSE THOUGHTS","A bad ten minutes isn't a bad life","https://fyosamu.github.io/still-here/c/139.html","18","43","Sit with this one for a second: A bad ten minutes isn't a bad life.","Sit with this one for a second: A bad ten minutes isn't a bad life. It's ten minutes. Your brain just turns the volume all the way up and calls it permanent. STILL HERE — a hundred and fifty reads, free, no account.","Sit with this one for a second | A bad ten minutes isn't a bad life | It's ten minutes. Your brain just turns the volume all the way up and calls it permanent. | STILL HERE · 150 free reads","1
00:00:00.400 --> 00:00:03.200
Sit with this one for a second:

2
00:00:03.320 --> 00:00:06.520
A bad ten minutes isn't a bad life.

3
00:00:06.640 --> 00:00:07.840
It's ten minutes.

4
00:00:07.960 --> 00:00:11.160
Your brain just turns the volume all the

5
00:00:11.280 --> 00:00:13.680
way up and calls it permanent.

6
00:00:13.800 --> 00:00:17.000
STILL HERE — a hundred and fifty reads,

7
00:00:17.120 --> 00:00:18.320
free, no account.
","Sit with this one for a second: A bad ten minutes isn't a bad life.

It's ten minutes. Your brain just turns the volume all the way up and calls it permanent.

STILL HERE — 150 short reads that put your life in perspective. Free, works offline, no account.
https://fyosamu.github.io/still-here/c/139.html

#deepthoughts #philosophy #lifelessons #overthinking #wisdom #mindset #introspection #STILLHERE #shorts","#deepthoughts #philosophy #lifelessons #overthinking #wisdom #mindset #introspection #STILLHERE #shorts"
"140","LOOSE THOUGHTS","Money is a tool with terrible marketing","https://fyosamu.github.io/still-here/c/140.html","16","37","Nobody says this out loud: Money is a tool with terrible marketing.","Nobody says this out loud: Money is a tool with terrible marketing. Everyone thinks it's the destination. It's a hammer. Stop trying to eat the hammer. STILL HERE — a hundred and fifty reads, free, no account.","Nobody says this out loud | Money is a tool with terrible marketing | Everyone thinks it's the destination. It's a hammer. Stop trying to eat the hammer. | STILL HERE · 150 free reads","1
00:00:00.400 --> 00:00:02.400
Nobody says this out loud:

2
00:00:02.520 --> 00:00:05.320
Money is a tool with terrible marketing.

3
00:00:05.440 --> 00:00:07.440
Everyone thinks it's the destination.

4
00:00:07.560 --> 00:00:08.760
It's a hammer.

5
00:00:08.880 --> 00:00:11.280
Stop trying to eat the hammer.

6
00:00:11.400 --> 00:00:14.600
STILL HERE — a hundred and fifty reads,

7
00:00:14.720 --> 00:00:15.920
free, no account.
","Nobody says this out loud: Money is a tool with terrible marketing.

Everyone thinks it's the destination. It's a hammer. Stop trying to eat the hammer.

STILL HERE — 150 short reads that put your life in perspective. Free, works offline, no account.
https://fyosamu.github.io/still-here/c/140.html

#deepthoughts #philosophy #lifelessons #overthinking #wisdom #mindset #introspection #STILLHERE #shorts","#deepthoughts #philosophy #lifelessons #overthinking #wisdom #mindset #introspection #STILLHERE #shorts"
"141","LOOSE THOUGHTS","You don't need more time, you need fewer tabs","https://fyosamu.github.io/still-here/c/141.html","17","39","You will want to argue. Don't: You don't need more time, you need fewer tabs.","You will want to argue. Don't: You don't need more time, you need fewer tabs. In your browser and in your head, and honestly mostly in your head. STILL HERE — a hundred and fifty reads, free, no account.","You will want to argue. Don't | You don't need more time, you need fewer tabs | In your browser and in your head, and honestly mostly in your head. | STILL HERE · 150 free reads","1
00:00:00.400 --> 00:00:02.400
You will want to argue.

2
00:00:02.520 --> 00:00:05.720
Don't: You don't need more time, you need

3
00:00:05.840 --> 00:00:06.940
fewer tabs.

4
00:00:07.060 --> 00:00:09.860
In your browser and in your head,

5
00:00:09.980 --> 00:00:12.380
and honestly mostly in your head.

6
00:00:12.500 --> 00:00:15.700
STILL HERE — a hundred and fifty reads,

7
00:00:15.820 --> 00:00:17.020
free, no account.
","You will want to argue. Don't: You don't need more time, you need fewer tabs.

In your browser and in your head, and honestly mostly in your head.

STILL HERE — 150 short reads that put your life in perspective. Free, works offline, no account.
https://fyosamu.github.io/still-here/c/141.html

#deepthoughts #philosophy #lifelessons #overthinking #wisdom #mindset #introspection #STILLHERE #shorts","#deepthoughts #philosophy #lifelessons #overthinking #wisdom #mindset #introspection #STILLHERE #shorts"
"142","LOOSE THOUGHTS","The fastest way to feel better is to move","https://fyosamu.github.io/still-here/c/142.html","18","43","Overthinking it again? Read: The fastest way to feel better is to move.","Overthinking it again? Read: The fastest way to feel better is to move. Walk. Not a metaphor. Actually walk, ten minutes, outside. The chemistry does the rest of the job for you. STILL HERE — a hundred and fifty reads, free, no account.","Overthinking it again? Read | The fastest way to feel better is to move | Walk. Not a metaphor. Actually walk, ten minutes, outside. The chemistry does the rest of the… | STILL HERE · 150 free reads","1
00:00:00.400 --> 00:00:01.600
Overthinking it again?

2
00:00:01.720 --> 00:00:05.320
Read: The fastest way to feel better is to

3
00:00:05.440 --> 00:00:08.240
move. Walk. Not a metaphor. Actually walk,

4
00:00:08.360 --> 00:00:09.560
ten minutes, outside.

5
00:00:09.680 --> 00:00:13.280
The chemistry does the rest of the job for

6
00:00:13.400 --> 00:00:16.600
you. STILL HERE — a hundred and fifty

7
00:00:16.720 --> 00:00:18.320
reads, free, no account.
","Overthinking it again? Read: The fastest way to feel better is to move.

Walk. Not a metaphor. Actually walk, ten minutes, outside. The chemistry does the rest of the job for you.

STILL HERE — 150 short reads that put your life in perspective. Free, works offline, no account.
https://fyosamu.github.io/still-here/c/142.html

#deepthoughts #philosophy #lifelessons #overthinking #wisdom #mindset #introspection #STILLHERE #shorts","#deepthoughts #philosophy #lifelessons #overthinking #wisdom #mindset #introspection #STILLHERE #shorts"
"143","LOOSE THOUGHTS","Nobody claps for the things you didn't do","https://fyosamu.github.io/still-here/c/143.html","16","36","Random Tuesday thought: Nobody claps for the things you didn't do.","Random Tuesday thought: Nobody claps for the things you didn't do. Including you. Go do exactly one of them and see how the day changes. STILL HERE — a hundred and fifty reads, free, no account.","Random Tuesday thought | Nobody claps for the things you didn't do | Including you. Go do exactly one of them and see how the day changes. | STILL HERE · 150 free reads","1
00:00:00.400 --> 00:00:01.600
Random Tuesday thought:

2
00:00:01.720 --> 00:00:04.920
Nobody claps for the things you didn't do.

3
00:00:05.040 --> 00:00:06.140
Including you.

4
00:00:06.260 --> 00:00:10.260
Go do exactly one of them and see how the

5
00:00:10.380 --> 00:00:11.480
day changes.

6
00:00:11.600 --> 00:00:14.800
STILL HERE — a hundred and fifty reads,

7
00:00:14.920 --> 00:00:16.120
free, no account.
","Random Tuesday thought: Nobody claps for the things you didn't do.

Including you. Go do exactly one of them and see how the day changes.

STILL HERE — 150 short reads that put your life in perspective. Free, works offline, no account.
https://fyosamu.github.io/still-here/c/143.html

#deepthoughts #philosophy #lifelessons #overthinking #wisdom #mindset #introspection #STILLHERE #shorts","#deepthoughts #philosophy #lifelessons #overthinking #wisdom #mindset #introspection #STILLHERE #shorts"
"144","LOOSE THOUGHTS","Your taste is better than your skills","https://fyosamu.github.io/still-here/c/144.html","21","47","It is small. That is why it lands: Your taste is better than your skills.","It is small. That is why it lands: Your taste is better than your skills. Good. That gap is where all of the interesting work lives, and it's the only sign you need that you're progressing. STILL HERE — a hundred and fifty reads, free, no account.","It is small. That is why it lands | Your taste is better than your skills | Good. That gap is where all of the interesting work lives, and it's the only sign you need that… | STILL HERE · 150 free reads","1
00:00:00.400 --> 00:00:01.600
It is small.

2
00:00:01.720 --> 00:00:03.720
That is why it lands:

3
00:00:03.840 --> 00:00:06.640
Your taste is better than your skills.

4
00:00:06.760 --> 00:00:09.960
Good. That gap is where all of the

5
00:00:10.080 --> 00:00:11.280
interesting work lives,

6
00:00:11.400 --> 00:00:14.600
and it's the only sign you need that

7
00:00:14.720 --> 00:00:15.820
you're progressing.

8
00:00:15.940 --> 00:00:19.140
STILL HERE — a hundred and fifty reads,

9
00:00:19.260 --> 00:00:20.460
free, no account.
","It is small. That is why it lands: Your taste is better than your skills.

Good. That gap is where all of the interesting work lives, and it's the only sign you need that you're progressing.

STILL HERE — 150 short reads that put your life in perspective. Free, works offline, no account.
https://fyosamu.github.io/still-here/c/144.html

#deepthoughts #philosophy #lifelessons #overthinking #wisdom #mindset #introspection #STILLHERE #shorts","#deepthoughts #philosophy #lifelessons #overthinking #wisdom #mindset #introspection #STILLHERE #shorts"
"145","LOOSE THOUGHTS","Boring people are made, not born","https://fyosamu.github.io/still-here/c/145.html","16","37","A thought that did not fit anywhere else: Boring people are made, not born.","A thought that did not fit anywhere else: Boring people are made, not born. They just stopped asking questions somewhere around thirty. Don't stop asking questions. STILL HERE — a hundred and fifty reads, free, no account.","A thought that did not fit anywhere else | Boring people are made, not born | They just stopped asking questions somewhere around thirty. Don't stop asking questions. | STILL HERE · 150 free reads","1
00:00:00.400 --> 00:00:03.600
A thought that did not fit anywhere else:

2
00:00:03.720 --> 00:00:06.120
Boring people are made, not born.

3
00:00:06.240 --> 00:00:08.240
They just stopped asking questions

4
00:00:08.360 --> 00:00:09.560
somewhere around thirty.

5
00:00:09.680 --> 00:00:11.280
Don't stop asking questions.

6
00:00:11.400 --> 00:00:14.600
STILL HERE — a hundred and fifty reads,

7
00:00:14.720 --> 00:00:15.920
free, no account.
","A thought that did not fit anywhere else: Boring people are made, not born.

They just stopped asking questions somewhere around thirty. Don't stop asking questions.

STILL HERE — 150 short reads that put your life in perspective. Free, works offline, no account.
https://fyosamu.github.io/still-here/c/145.html

#deepthoughts #philosophy #lifelessons #overthinking #wisdom #mindset #introspection #STILLHERE #shorts","#deepthoughts #philosophy #lifelessons #overthinking #wisdom #mindset #introspection #STILLHERE #shorts"
"146","LOOSE THOUGHTS","You're allowed to outgrow people","https://fyosamu.github.io/still-here/c/146.html","17","36","Loose thought, no category: You're allowed to outgrow people.","Loose thought, no category: You're allowed to outgrow people. Not with drama, not with a speech. Just quietly, while walking in a slightly different direction. STILL HERE — a hundred and fifty reads, free, no account.","Loose thought, no category | You're allowed to outgrow people | Not with drama, not with a speech. Just quietly, while walking in a slightly different… | STILL HERE · 150 free reads","1
00:00:00.400 --> 00:00:01.500
Loose thought,

2
00:00:01.620 --> 00:00:02.720
no category:

3
00:00:02.840 --> 00:00:04.840
You're allowed to outgrow people.

4
00:00:04.960 --> 00:00:07.760
Not with drama, not with a speech.

5
00:00:07.880 --> 00:00:08.980
Just quietly,

6
00:00:09.100 --> 00:00:11.500
while walking in a slightly different

7
00:00:11.620 --> 00:00:12.720
direction.

8
00:00:12.840 --> 00:00:16.040
STILL HERE — a hundred and fifty reads,

9
00:00:16.160 --> 00:00:17.360
free, no account.
","Loose thought, no category: You're allowed to outgrow people.

Not with drama, not with a speech. Just quietly, while walking in a slightly different direction.

STILL HERE — 150 short reads that put your life in perspective. Free, works offline, no account.
https://fyosamu.github.io/still-here/c/146.html

#deepthoughts #philosophy #lifelessons #overthinking #wisdom #mindset #introspection #STILLHERE #shorts","#deepthoughts #philosophy #lifelessons #overthinking #wisdom #mindset #introspection #STILLHERE #shorts"
"147","LOOSE THOUGHTS","The phone will still be there","https://fyosamu.github.io/still-here/c/147.html","18","42","Sit with this one for a second: The phone will still be there.","Sit with this one for a second: The phone will still be there. It's been ninety minutes of scrolling and you'd genuinely struggle to name three things you saw in it. STILL HERE — a hundred and fifty reads, free, no account.","Sit with this one for a second | The phone will still be there | It's been ninety minutes of scrolling and you'd genuinely struggle to name three things you saw… | STILL HERE · 150 free reads","1
00:00:00.400 --> 00:00:03.200
Sit with this one for a second:

2
00:00:03.320 --> 00:00:05.720
The phone will still be there.

3
00:00:05.840 --> 00:00:08.640
It's been ninety minutes of scrolling and

4
00:00:08.760 --> 00:00:11.160
you'd genuinely struggle to name three

5
00:00:11.280 --> 00:00:13.280
things you saw in it.

6
00:00:13.400 --> 00:00:16.600
STILL HERE — a hundred and fifty reads,

7
00:00:16.720 --> 00:00:17.920
free, no account.
","Sit with this one for a second: The phone will still be there.

It's been ninety minutes of scrolling and you'd genuinely struggle to name three things you saw in it.

STILL HERE — 150 short reads that put your life in perspective. Free, works offline, no account.
https://fyosamu.github.io/still-here/c/147.html

#deepthoughts #philosophy #lifelessons #overthinking #wisdom #mindset #introspection #STILLHERE #shorts","#deepthoughts #philosophy #lifelessons #overthinking #wisdom #mindset #introspection #STILLHERE #shorts"
"148","LOOSE THOUGHTS","Say the thing","https://fyosamu.github.io/still-here/c/148.html","17","40","Nobody says this out loud: Say the thing.","Nobody says this out loud: Say the thing. To them, to yourself, out loud. Half of life is unspoken and all of it is heavy to carry around alone. STILL HERE — a hundred and fifty reads, free, no account.","Nobody says this out loud | Say the thing | To them, to yourself, out loud. Half of life is unspoken and all of it is heavy to carry around… | STILL HERE · 150 free reads","1
00:00:00.400 --> 00:00:03.600
Nobody says this out loud: Say the thing.

2
00:00:03.720 --> 00:00:06.120
To them, to yourself, out loud.

3
00:00:06.240 --> 00:00:10.240
Half of life is unspoken and all of it is

4
00:00:10.360 --> 00:00:12.360
heavy to carry around alone.

5
00:00:12.480 --> 00:00:15.680
STILL HERE — a hundred and fifty reads,

6
00:00:15.800 --> 00:00:17.000
free, no account.
","Nobody says this out loud: Say the thing.

To them, to yourself, out loud. Half of life is unspoken and all of it is heavy to carry around alone.

STILL HERE — 150 short reads that put your life in perspective. Free, works offline, no account.
https://fyosamu.github.io/still-here/c/148.html

#deepthoughts #philosophy #lifelessons #overthinking #wisdom #mindset #introspection #STILLHERE #shorts","#deepthoughts #philosophy #lifelessons #overthinking #wisdom #mindset #introspection #STILLHERE #shorts"
"149","LOOSE THOUGHTS","One day this will be a memory with a weird smell","https://fyosamu.github.io/still-here/c/149.html","20","44","You will want to argue. Don't: One day this will be a memory with a weird smell.","You will want to argue. Don't: One day this will be a memory with a weird smell. And you'll wish you'd been a lot less tense about it while it was actually happening. STILL HERE — a hundred and fifty reads, free, no account.","You will want to argue. Don't | One day this will be a memory with a weird smell | And you'll wish you'd been a lot less tense about it while it was actually happening. | STILL HERE · 150 free reads","1
00:00:00.400 --> 00:00:02.400
You will want to argue.

2
00:00:02.520 --> 00:00:06.120
Don't: One day this will be a memory with

3
00:00:06.240 --> 00:00:07.440
a weird smell.

4
00:00:07.560 --> 00:00:10.760
And you'll wish you'd been a lot less

5
00:00:10.880 --> 00:00:13.680
tense about it while it was actually

6
00:00:13.800 --> 00:00:14.900
happening.

7
00:00:15.020 --> 00:00:18.220
STILL HERE — a hundred and fifty reads,

8
00:00:18.340 --> 00:00:19.540
free, no account.
","You will want to argue. Don't: One day this will be a memory with a weird smell.

And you'll wish you'd been a lot less tense about it while it was actually happening.

STILL HERE — 150 short reads that put your life in perspective. Free, works offline, no account.
https://fyosamu.github.io/still-here/c/149.html

#deepthoughts #philosophy #lifelessons #overthinking #wisdom #mindset #introspection #STILLHERE #shorts","#deepthoughts #philosophy #lifelessons #overthinking #wisdom #mindset #introspection #STILLHERE #shorts"
"150","LOOSE THOUGHTS","You're doing better than the tapeworm","https://fyosamu.github.io/still-here/c/150.html","16","35","Overthinking it again? Read: You're doing better than the tapeworm.","Overthinking it again? Read: You're doing better than the tapeworm. Which, if you think about it for two seconds, was the bar all along. STILL HERE — a hundred and fifty reads, free, no account.","Overthinking it again? Read | You're doing better than the tapeworm | Which, if you think about it for two seconds, was the bar all along. | STILL HERE · 150 free reads","1
00:00:00.400 --> 00:00:01.600
Overthinking it again?

2
00:00:01.720 --> 00:00:04.120
Read: You're doing better than the

3
00:00:04.240 --> 00:00:05.340
tapeworm.

4
00:00:05.460 --> 00:00:08.660
Which, if you think about it for two

5
00:00:08.780 --> 00:00:11.180
seconds, was the bar all along.

6
00:00:11.300 --> 00:00:14.500
STILL HERE — a hundred and fifty reads,

7
00:00:14.620 --> 00:00:15.820
free, no account.
","Overthinking it again? Read: You're doing better than the tapeworm.

Which, if you think about it for two seconds, was the bar all along.

STILL HERE — 150 short reads that put your life in perspective. Free, works offline, no account.
https://fyosamu.github.io/still-here/c/150.html

#deepthoughts #philosophy #lifelessons #overthinking #wisdom #mindset #introspection #STILLHERE #shorts","#deepthoughts #philosophy #lifelessons #overthinking #wisdom #mindset #introspection #STILLHERE #shorts"
